pitch,roll,forceLeft,forceRight
4.954833984375,-0.120849609375,27.4,7.61
4.7955322265625,-0.2911376953125,26.5,8.81
4.669189453125,-0.4010009765625,26.3,8.81
4.5867919921875,-0.5218505859375,26.3,9.01
4.50439453125,-0.6427001953125,26.1,9.01
4.3231201171875,-0.802001953125,26.1,9.01
4.1033935546875,-0.9173583984375,26.1,9.01
3.7957763671875,-1.043701171875,26.1,9.21
3.4661865234375,-1.153564453125,26.1,9.41
2.999267578125,-1.2799072265625,25.8,9.41
2.4169921875,-1.4556884765625,26.1,9.41
