pitch,roll,forceLeft,forceRight
-3.175048828125,-0.0164794921875,13.9,20.4
-3.988037109375,-0.0274658203125,14.6,20.4
-4.3670654296875,0.0164794921875,14.6,20.2
-4.7406005859375,-0.0439453125,14.6,20.2
-5.0701904296875,-0.0714111328125,14.6,20.2
-5.2349853515625,-0.1922607421875,14.6,20
-5.4547119140625,-0.164794921875,14.8,20
-5.5426025390625,-0.186767578125,14.8,20
-5.5206298828125,-0.2252197265625,14.8,20
-5.3887939453125,-0.2581787109375,14.8,20
-5.218505859375,-0.318603515625,14.8,19.8
