pitch,roll,forceLeft,forceRight
-0.5767822265625,0.3515625,-0.2,0
-0.5712890625,0.3460693359375,-0.2,0
-0.494384765625,0.32958984375,-0.2,0
-0.3515625,0.32958984375,0,0
-0.1922607421875,0.3790283203125,-0.2,0
-0.1043701171875,0.37353515625,0,0
0.06591796875,0.37353515625,-0.2,0
0.186767578125,0.37353515625,0,0
0.2801513671875,0.3570556640625,0,0.01
0.3240966796875,0.2691650390625,-0.2,0
0.318603515625,0.32958984375,-0.2,0
