pitch,roll,forceLeft,forceRight
-0.41748046875,-0.0823974609375,-0.2,0
-0.4559326171875,-0.098876953125,-0.2,0
-0.439453125,-0.0933837890625,-0.2,0
-0.4339599609375,-0.1043701171875,0,0
-0.362548828125,-0.1043701171875,-0.2,0
-0.2581787109375,-0.1043701171875,0,0
-0.1483154296875,-0.120849609375,-0.2,0
-0.054931640625,-0.142822265625,0,0
0.087890625,-0.164794921875,0,0.01
0.208740234375,-0.1922607421875,-0.2,0
0.3076171875,-0.2032470703125,-0.2,0
