pitch,roll,forceLeft,forceRight
5.745849609375,0.362548828125,13.9,20.4
5.7183837890625,0.3790283203125,14.6,20.4
5.55908203125,0.4010009765625,14.6,20.2
5.5096435546875,0.4229736328125,14.6,20.2
5.29541015625,0.406494140625,14.6,20.2
5.086669921875,0.41748046875,14.6,20
4.801025390625,0.4339599609375,14.8,20
4.449462890625,0.428466796875,14.8,20
3.97705078125,0.4229736328125,14.8,20
3.5321044921875,0.406494140625,14.8,20
2.92236328125,0.41748046875,14.8,19.8
