pitch,roll,forceLeft,forceRight
5.7568359375,0.406494140625,13.5,20.9
5.64697265625,0.428466796875,13.9,20.4
5.6414794921875,0.450439453125,14.2,20.4
5.4547119140625,0.4779052734375,14.4,20.4
5.3173828125,0.4998779296875,14.4,20.4
5.1031494140625,0.50537109375,14.4,20.4
4.833984375,0.4833984375,14.4,20.2
4.46044921875,0.5438232421875,14.4,20.2
4.0264892578125,0.52734375,14.6,20.2
3.5760498046875,0.538330078125,14.6,20.4
2.8564453125,0.52734375,14.6,20.2
