pitch,roll,forceLeft,forceRight
-0.4669189453125,-0.0714111328125,-0.2,0
-0.4833984375,-0.0823974609375,-0.2,0
-0.4888916015625,-0.1043701171875,-0.2,0
-0.428466796875,-0.098876953125,-0.2,0
-0.3515625,-0.1483154296875,-0.2,0
-0.2362060546875,-0.120849609375,-0.2,0
-0.186767578125,-0.1318359375,-0.2,0
-0.02197265625,-0.164794921875,-0.2,0
0.1043701171875,-0.1812744140625,-0.2,0
0.2032470703125,-0.19775390625,-0.2,0
0.32958984375,-0.2032470703125,-0.2,0.01
