pitch,roll,forceLeft,forceRight
0.0933837890625,0.450439453125,18,43.4
0.0714111328125,0.3790283203125,18.4,42.9
0.0714111328125,0.37353515625,18.6,42.9
0.0823974609375,0.3570556640625,18.6,42.9
0.076904296875,0.3680419921875,18.6,42.9
0.032958984375,0.428466796875,18.6,42.9
0.0604248046875,0.450439453125,18.9,42.9
0.0604248046875,0.4229736328125,19.1,42.9
0.0494384765625,0.4119873046875,19.1,42.9
