pitch,roll,forceLeft,forceRight
-3.153076171875,0.06591796875,13.5,20.9
-3.7957763671875,0.0494384765625,13.9,20.4
-4.3341064453125,0.02197265625,14.2,20.4
-4.7515869140625,0,14.4,20.4
-5.086669921875,-0.02197265625,14.4,20.4
-5.2569580078125,-0.0604248046875,14.4,20.4
-5.51513671875,-0.1153564453125,14.4,20.2
-5.5755615234375,-0.1483154296875,14.4,20.2
-5.570068359375,-0.186767578125,14.6,20.2
-5.4931640625,-0.2252197265625,14.6,20.4
-5.240478515625,-0.28564453125,14.6,20.2
