pitch,roll,forceLeft,forceRight
4.98779296875,-0.054931640625,27.4,7.21
4.81201171875,-0.19775390625,26.7,7.61
4.76806640625,-0.296630859375,26.5,7.91
4.6142578125,-0.4119873046875,26.5,8.11
4.4989013671875,-0.5438232421875,26.5,8.11
4.3450927734375,-0.6536865234375,26.3,8.11
4.229736328125,-0.7086181640625,26.3,8.31
3.8287353515625,-0.87890625,26.3,8.31
3.4661865234375,-0.9942626953125,26.3,8.51
3.0157470703125,-1.1151123046875,26.5,7.61
2.4334716796875,-1.2469482421875,26.7,7.61
