pitch,roll,forceLeft,forceRight
-0.560302734375,0.3570556640625,-0.2,0
-0.5548095703125,0.3570556640625,-0.2,0
-0.472412109375,0.340576171875,-0.2,0
-0.340576171875,0.3460693359375,-0.2,0
-0.17578125,0.3350830078125,-0.2,0
-0.0274658203125,0.3350830078125,-0.2,0
0.0823974609375,0.3350830078125,-0.2,0
0.17578125,0.3131103515625,-0.2,0
0.24169921875,0.3076171875,-0.2,0
0.318603515625,0.2801513671875,-0.2,0
0.340576171875,0.318603515625,-0.2,0.01
