milimeters,N*(m^2)
0,834.875119502133
50,400.427191721394
100,469.466362707842
150,3.05610743381139
200,2.24527082598081
250,4.45958126228086
300,13.1950145896569
350,86.9701312759748
400,21.4302585052954
450,2.6317131804572
500,2.34569927558184
550,6.06322862390696
600,4.62670291689355
650,1.86243039742912
