milimeters,N*(m^2)
0,676.516784431442
50,488.195043964037
100,596.682831511605
150,1534.32728102979
200,2148.05819344166
250,1325.96184780356
300,618.782195641668
