pitch,roll,forceLeft,forceRight
-1.922607421875,-4.910888671875,60.5,9.71
-2.3345947265625,-4.9163818359375,59.3,10.8
-2.5872802734375,-4.7955322265625,59.1,11
-2.8509521484375,-4.713134765625,59.1,11
-3.1585693359375,-4.5867919921875,58.9,11
-3.5101318359375,-4.4219970703125,59.1,11.2
-3.88916015625,-4.28466796875,58.9,11.2
-4.5263671875,-4.10888671875,58.9,11.2
-4.8779296875,-3.779296875,58.9,11.5
-5.2239990234375,-3.482666015625,58.9,11.7
