pitch,roll,forceLeft,forceRight
11.041259765625,0.164794921875,33,48.5
8.5693359375,0.28564453125,33.5,47.9
6.4874267578125,0.3900146484375,33.7,47.6
5.4547119140625,0.46142578125,33.7,47.6
4.691162109375,0.4779052734375,33.7,47.6
3.8287353515625,0.52734375,33.9,47.6
3.2958984375,0.5767822265625,33.9,47.6
2.7191162109375,0.615234375,33.9,47.6
2.1697998046875,0.6317138671875,33.9,47.6
1.60400390625,0.670166015625,33.9,47.6
