pitch,roll,forceLeft,forceRight
10.3875732421875,-1.6314697265625,60.5,9.71
7.3773193359375,-2.5762939453125,59.3,10.8
5.2789306640625,-2.9827880859375,59.1,11
4.1802978515625,-3.40576171875,59.1,11
3.834228515625,-3.5980224609375,58.9,11
3.1256103515625,-3.84521484375,59.1,11.2
2.57080078125,-4.031982421875,58.9,11.2
2.1368408203125,-4.21875,58.9,11.2
1.6644287109375,-4.3450927734375,58.9,11.5
1.1590576171875,-4.46044921875,58.9,11.7
