pitch,roll,forceLeft,forceRight
-0.2252197265625,0.010986328125,0,0.01
-0.06591796875,0.0714111328125,-0.2,0.01
0.054931640625,0.1043701171875,0,0.01
0.19775390625,0.076904296875,-0.2,0.01
0.32958984375,0.1318359375,-0.2,0
0.4888916015625,0.1318359375,0,0
0.54931640625,0.1043701171875,-0.2,0.01
0.4833984375,0.120849609375,0,0
0.823974609375,0.142822265625,-0.2,0.01
1.021728515625,0.1702880859375,0,0.01
