pitch,roll,forceLeft,forceRight
-1.219482421875,-0.2581787109375,0.21,0.01
-1.219482421875,-0.2581787109375,0.21,0.01
-2.109375,-0.208740234375,0.21,0.01
-1.988525390625,-0.087890625,0.21,0.21
-1.7742919921875,0,0.21,0.01
-1.2579345703125,0.0714111328125,0.21,0.01
-1.3897705078125,0.0933837890625,0.21,0.01
-1.51611328125,0.032958984375,0.21,0.01
-1.153564453125,0.0439453125,0.21,0.01
-0.999755859375,0.0494384765625,0.21,0.01
