pitch,roll,forceLeft,forceRight
-0.6591796875,0.06591796875,32.6,29.2
5.328369140625,0.274658203125,32.1,29.2
3.84521484375,0.2032470703125,31.9,29.7
3.427734375,0.230712890625,31.7,29.7
2.8619384765625,0.274658203125,31.9,29.9
2.713623046875,0.3131103515625,31.7,29.9
1.9390869140625,0.3021240234375,31.7,29.7
1.4007568359375,0.3021240234375,31.7,29.7
1.351318359375,0.2142333984375,31.7,29.9
1.1700439453125,0.19775390625,31.7,29.9
