pitch,roll,forceLeft,forceRight
0.3240966796875,-0.06591796875,0.21,0.01
0.3240966796875,-0.06591796875,0.21,0.01
-0.670166015625,-0.15380859375,0.21,0.01
-0.186767578125,-0.2691650390625,0.21,0.21
-0.867919921875,-0.263671875,0.21,0.01
-0.384521484375,-0.252685546875,0.21,0.01
-0.4119873046875,-0.4010009765625,0.21,0.01
-0.439453125,-0.4888916015625,0.21,0.01
-0.3021240234375,-0.494384765625,0.21,0.01
-0.37353515625,-0.472412109375,0.21,0.01
