pitch,roll,forceLeft,forceRight
-3.5980224609375,0.15380859375,62.3,0.01
-1.0546875,-2.48291015625,62.7,0.01
-1.2799072265625,-2.6641845703125,62.7,0
-1.593017578125,-2.6202392578125,62.9,0.01
-1.702880859375,-2.6531982421875,62.9,0.01
-1.8017578125,-2.5653076171875,62.9,0
-2.021484375,-2.625732421875,62.7,0
-2.109375,-2.548828125,62.9,0
-2.2686767578125,-2.39501953125,62.7,0
-2.79052734375,-2.2027587890625,62.7,0.01
