pitch,roll,forceLeft,forceRight
-0.7305908203125,-0.06591796875,32.6,29.2
-0.7305908203125,-0.0714111328125,32.1,29.2
-1.2030029296875,-0.0384521484375,31.9,29.7
-1.593017578125,-0.02197265625,31.7,29.7
-1.680908203125,0,31.9,29.9
-1.8292236328125,0.032958984375,31.7,29.9
-2.120361328125,-0.0494384765625,31.7,29.7
-2.2686767578125,-0.076904296875,31.7,29.7
-2.4224853515625,-0.0439453125,31.7,29.9
-2.9718017578125,0.076904296875,31.7,29.9
