pitch,roll,forceLeft,forceRight
1.0107421875,0.2252197265625,62.3,0.01
5.03173828125,-0.2911376953125,62.7,0.01
3.570556640625,-1.2249755859375,62.7,0
2.911376953125,-1.768798828125,62.9,0.01
2.4114990234375,-2.0050048828125,62.9,0.01
2.3455810546875,-2.0928955078125,62.9,0
1.56005859375,-2.186279296875,62.7,0
1.087646484375,-2.35107421875,62.9,0
1.1041259765625,-2.43896484375,62.7,0
1.0107421875,-2.48291015625,62.7,0.01
