pitch,roll,forceLeft,forceRight
-5.3558349609375,0.37353515625,78.4,0.01
-1.131591796875,-1.4501953125,78.9,0.01
-1.856689453125,-1.395263671875,78.9,0
-2.197265625,-1.329345703125,78.9,0
-2.406005859375,-1.285400390625,49.2,18.6
-2.7740478515625,-3.2025146484375,49,18.6
-3.1915283203125,-3.2025146484375,49,18.9
-3.3343505859375,-3.1256103515625,49,18.9
-3.7353515625,-2.8839111328125,49,18.9
-4.3780517578125,-2.603759765625,49,19.1
