pitch,roll,forceLeft,forceRight
1.724853515625,0.5218505859375,78.4,0.01
7.2784423828125,0.19775390625,78.9,0.01
5.548095703125,-0.439453125,78.9,0
4.910888671875,-0.5767822265625,78.9,0
4.1473388671875,-0.692138671875,49.2,18.6
3.6419677734375,-1.4886474609375,49,18.6
2.6861572265625,-2.21923828125,49,18.9
2.1588134765625,-2.79052734375,49,18.9
1.9830322265625,-3.218994140625,49,18.9
1.658935546875,-3.3453369140625,49,19.1
