pitch,roll,forceLeft,forceRight
-1.109619140625,-0.032958984375,31.9,40
-1.109619140625,-0.032958984375,32.4,39.8
-1.7138671875,0.1812744140625,32.4,39.6
-2.142333984375,0.1702880859375,32.4,39.8
-2.39501953125,0.2032470703125,32.6,39.6
-2.7191162109375,0.2581787109375,32.6,39.6
-3.0816650390625,0.2142333984375,32.6,39.6
-3.328857421875,0.15380859375,32.6,39.6
-3.7188720703125,0.24169921875,32.6,39.3
-4.5977783203125,0.28564453125,32.8,39.6
