pitch,roll,forceLeft,forceRight
0.4119873046875,-0.120849609375,0.01,0
0.41748046875,-0.120849609375,0,0
0.1043701171875,-0.2197265625,0,0.01
0.2142333984375,-0.2362060546875,0.01,0.01
0.3515625,-0.263671875,0.01,0
0.19775390625,-0.2801513671875,0.01,0.01
0.3460693359375,-0.439453125,0.01,0.01
0.50537109375,-0.50537109375,0,0.01
0.6591796875,-0.4998779296875,0.01,0
0.7305908203125,-0.494384765625,0,0
