pitch,roll,forceLeft,forceRight
-0.703125,0.120849609375,31.9,40
7.371826171875,0.5218505859375,32.4,39.8
5.9930419921875,0.52734375,32.4,39.6
5.20751953125,0.5438232421875,32.4,39.8
4.5538330078125,0.538330078125,32.6,39.6
4.031982421875,0.5767822265625,32.6,39.6
3.153076171875,0.5657958984375,32.6,39.6
2.5762939453125,0.50537109375,32.6,39.6
2.28515625,0.4833984375,32.6,39.3
1.9720458984375,0.4779052734375,32.8,39.6
