pitch,roll,forceLeft,forceRight
8.1243896484375,-0.3350830078125,73.7,2.71
7.09716796875,-2.1533203125,73,3.11
5.99853515625,-2.6861572265625,72.8,3.61
4.89990234375,-3.076171875,72.6,3.61
3.80126953125,-3.4332275390625,72.6,3.61
3.09814453125,-3.702392578125,72.6,3.81
2.406005859375,-4.0045166015625,72.6,3.81
1.82373046875,-4.207763671875,72.6,3.81
1.4776611328125,-4.4000244140625,72.4,3.81
1.142578125,-4.54833984375,72.4,3.81
0.9063720703125,-4.6966552734375,72.4,3.81
