pitch,roll,forceLeft,forceRight
-1.2249755859375,-0.186767578125,0,0.01
-1.6424560546875,0.0494384765625,0,0.01
-1.6973876953125,0.17578125,0,0.01
-1.6094970703125,0.2581787109375,0,0
-1.6259765625,0.3350830078125,0,0.01
-1.4886474609375,0.362548828125,0,0.01
-1.3677978515625,0.3790283203125,-0.2,0
-1.16455078125,0.384521484375,0,0.01
-0.9393310546875,0.384521484375,0,0.01
-0.7965087890625,0.384521484375,0,0.01
-0.626220703125,0.3570556640625,0,0.01
