pitch,roll,forceLeft,forceRight
-1.483154296875,-5.07568359375,73.7,2.71
-1.812744140625,-5.1470947265625,73,3.11
-2.1478271484375,-5.130615234375,72.8,3.61
-2.39501953125,-5.020751953125,72.6,3.61
-2.6751708984375,-4.932861328125,72.6,3.61
-3.131103515625,-4.735107421875,72.6,3.81
-3.4881591796875,-4.4769287109375,72.6,3.81
-3.9056396484375,-4.21875,72.6,3.81
-4.68017578125,-3.8232421875,72.4,3.81
-5.712890625,-3.427734375,72.4,3.81
-7.0587158203125,-2.87841796875,72.4,3.81
