pitch,roll,forceLeft,forceRight
-1.7742919921875,0.1153564453125,48.3,40.9
-2.1148681640625,0.098876953125,47.6,41.1
-2.4993896484375,0.098876953125,47.4,41.1
-2.8729248046875,0.1043701171875,47.2,41.1
-3.22998046875,0.0933837890625,47.4,41.1
-3.702392578125,0.0714111328125,47.2,41.1
-4.141845703125,0.2032470703125,47,41.1
-4.713134765625,0.2197265625,47.2,41.1
-5.460205078125,0.1702880859375,47.2,41.1
-6.4874267578125,0.098876953125,47,41.1
-7.8936767578125,-0.076904296875,47,41.1
