pitch,roll,forceLeft,forceRight
8.63525390625,0.5877685546875,48.3,40.9
7.6849365234375,0.72509765625,47.6,41.1
6.5972900390625,0.7965087890625,47.4,41.1
5.42724609375,0.8074951171875,47.2,41.1
4.4110107421875,0.823974609375,47.4,41.1
3.4716796875,0.802001953125,47.2,41.1
2.779541015625,0.7745361328125,47,41.1
2.2686767578125,0.7415771484375,47.2,41.1
1.746826171875,0.714111328125,47.2,41.1
1.3677978515625,0.6866455078125,47,41.1
1.0546875,0.648193359375,47,41.1
