pitch,roll,forceLeft,forceRight
0.15380859375,0,0,0.01
0.2142333984375,0.032958984375,0,0.01
0.1812744140625,0.032958984375,0,0.01
0.4010009765625,0.0494384765625,0,0
0.4559326171875,0.0439453125,0,0.01
0.582275390625,0.0714111328125,0,0.01
0.867919921875,0.1318359375,-0.2,0
1.065673828125,0.186767578125,0,0.01
1.2359619140625,0.2032470703125,0,0.01
1.2469482421875,0.1373291015625,0,0.01
1.0272216796875,-0.054931640625,0,0.01
