pitch,roll,forceLeft,forceRight
0.1593017578125,0.1153564453125,-0.2,0.01
0.1593017578125,0.10986328125,0,0.01
0.1812744140625,0.1373291015625,0,0.01
0.3570556640625,0.10986328125,0,0.01
0.54931640625,0.120849609375,0,0
0.7086181640625,0.120849609375,0,0.01
0.889892578125,0.1153564453125,0,0
1.0546875,0.17578125,0,0.01
1.20849609375,0.0714111328125,-0.2,0
1.329345703125,0.0384521484375,0,0.01
