pitch,roll,forceLeft,forceRight
7.22900390625,0.5712890625,33.5,6.11
12.601318359375,-0.889892578125,31.9,7.41
12.2113037109375,-1.2689208984375,31.7,7.61
11.854248046875,-1.29638671875,31.5,7.91
11.4697265625,-1.3623046875,31.5,7.91
11.18408203125,-1.4007568359375,31.2,7.91
10.5743408203125,-1.439208984375,31.2,7.91
9.898681640625,-1.461181640625,31.2,7.91
8.9923095703125,-1.4666748046875,31.2,7.91
8.1903076171875,-1.5380859375,30.6,8.11
