milimeters,N*(m^2)
0,16.0391802035714
25,21.9978317690744
50,29.2984981873736
75,36.6630529484573
100,45.4225499231698
125,55.7321633176697
150,64.7920716402466
175,69.0210623514345
200,87.1874678466238
225,109.165515069922
250,98.7025733037266
275,126.864476075841
300,182.640058437047
325,168.455577206931
350,179.649128129534
375,276.499499139653
400,318.315798904518
425,328.192754208388
450,352.340094412107
475,367.781671551619
500,383.01606511198
525,398.04327509319
550,412.863301495247
575,427.476144318153
600,441.881803561908
625,456.08027922651
650,436.495030503964
675,417.11696536057
700,397.946083796327
725,378.982385811236
750,360.225871405296
775,271.171857601991
800,268.204826981077
825,384.934201411418
850,443.187874046053
875,317.453154463042
900,255.695984180715
925,304.462744050233
950,242.066675516481
975,208.18134382136
1000,228.523387812221
1025,169.645175230082
1050,132.42624833308
1075,118.533159098862
1100,93.5363229104186
1125,77.9936058249414
1150,68.7286631052302
1175,45.9424301473449
1200,31.9714550061035
1225,24.3970146299694
1250,16.2613434944837
