pitch,roll,forceLeft,forceRight
-2.2686767578125,-1.3623046875,26.1,8.51
-2.625732421875,-1.3897705078125,25.4,9.41
-2.9718017578125,-1.2689208984375,25.2,9.71
-3.1915283203125,-1.307373046875,25.2,9.71
-3.3892822265625,-1.219482421875,24.7,9.91
-3.6419677734375,-1.0601806640625,24.7,9.91
-3.724365234375,-0.9503173828125,24.7,9.91
-3.80126953125,-0.966796875,24.7,10.1
-3.8177490234375,-0.933837890625,24.7,9.91
-3.812255859375,-0.8514404296875,24.7,10.1
-3.779296875,-0.703125,24.7,10.1
