pitch,roll,forceLeft,forceRight
-0.318603515625,-0.3021240234375,-0.2,0
-0.3680419921875,-0.2142333984375,-0.2,0
-0.3460693359375,-0.1043701171875,0,0
-0.208740234375,-0.164794921875,0,0
-0.1922607421875,-0.098876953125,-0.2,0
-0.06591796875,-0.1812744140625,0,0
-0.02197265625,-0.1373291015625,-0.2,0
0.0439453125,-0.2252197265625,-0.2,0
0.164794921875,-0.2362060546875,-0.2,0.01
0.2691650390625,-0.2471923828125,-0.2,0
0.2911376953125,-0.274658203125,-0.2,0
