pitch,roll,forceLeft,forceRight
-2.2467041015625,0.1922607421875,12.6,20.4
-2.625732421875,0.17578125,13.3,20.2
-3.043212890625,0.274658203125,13.3,20
-3.5101318359375,0.1043701171875,13.3,20
-3.7957763671875,0.0494384765625,13.3,20
-3.97705078125,0.0823974609375,13.3,20
-4.2132568359375,-0.010986328125,13.3,20
-4.3670654296875,-0.098876953125,13.5,20
-4.5318603515625,-0.1593017578125,13.5,20.2
-4.735107421875,-0.2252197265625,13.5,20
-4.8614501953125,-0.2691650390625,13.3,20
