pitch,roll,forceLeft,forceRight
-0.252685546875,0.3021240234375,-0.2,0
-0.2471923828125,0.3021240234375,-0.2,0
-0.2197265625,0.3076171875,0,0
-0.2581787109375,0.3021240234375,0,0
-0.2032470703125,0.274658203125,-0.2,0
-0.164794921875,0.2471923828125,0,0
-0.1922607421875,0.2362060546875,-0.2,0
-0.1702880859375,0.230712890625,-0.2,0
-0.1263427734375,0.2197265625,-0.2,0.01
-0.076904296875,0.208740234375,-0.2,0
-0.0604248046875,0.2032470703125,-0.2,0
