pitch,roll,forceLeft,forceRight
4.801025390625,0.3240966796875,12.6,20.4
4.6307373046875,0.3680419921875,13.3,20.2
4.5538330078125,0.3955078125,13.3,20
4.339599609375,0.4229736328125,13.3,20
4.19677734375,0.472412109375,13.3,20
3.9166259765625,0.46142578125,13.3,20
3.658447265625,0.4779052734375,13.3,20
3.33984375,0.54931640625,13.5,20
3.076171875,0.54931640625,13.5,20.2
2.713623046875,0.5438232421875,13.5,20
2.2576904296875,0.5877685546875,13.3,20
