pitch,roll,forceLeft,forceRight
4.130859375,0.0384521484375,26.1,8.51
3.878173828125,-0.17578125,25.4,9.41
3.8067626953125,-0.2911376953125,25.2,9.71
3.7408447265625,-0.3790283203125,25.2,9.71
3.5540771484375,-0.50537109375,24.7,9.91
3.3892822265625,-0.560302734375,24.7,9.91
3.1365966796875,-0.714111328125,24.7,9.91
2.977294921875,-0.7635498046875,24.7,10.1
2.70263671875,-0.94482421875,24.7,9.91
2.30712890625,-1.0601806640625,24.7,10.1
2.0159912109375,-1.153564453125,24.7,10.1
