pitch,roll,forceLeft,forceRight
-1.2469482421875,-0.142822265625,0.01,0
-1.2469482421875,-0.142822265625,0,0
-2.120361328125,-0.0604248046875,0,0.01
-1.8951416015625,0.010986328125,0.01,0.01
-1.636962890625,0.0823974609375,0.01,0
-1.3458251953125,0.142822265625,0.01,0.01
-1.40625,0.1483154296875,0.01,0.01
-1.38427734375,0.098876953125,0,0.01
-1.1480712890625,0.0714111328125,0.01,0
-0.8624267578125,0.087890625,0,0
