pitch,roll,forceLeft,forceRight
10.0360107421875,0.802001953125,29.9,40.9
8.1134033203125,0.9283447265625,29.9,40.7
6.7071533203125,0.9722900390625,29.9,40.7
5.350341796875,1.0546875,30.1,40.7
4.5758056640625,1.1480712890625,30.1,40.7
3.7188720703125,1.197509765625,30.1,40.7
3.251953125,1.20849609375,30.3,40.5
2.8399658203125,1.20849609375,30.3,40.5
2.4609375,1.1810302734375,30.3,40.5
2.010498046875,1.142578125,30.3,40.5
1.614990234375,1.0711669921875,30.3,40.2
