pitch,roll,forceLeft,forceRight
-0.0274658203125,-0.0054931640625,0,0
0.0384521484375,-0.010986328125,0,0.01
0.098876953125,-0.0164794921875,0,0
0.164794921875,-0.010986328125,-0.2,0.01
0.4010009765625,-0.0439453125,-0.2,0
0.4888916015625,-0.054931640625,0,0.01
0.5438232421875,-0.0384521484375,-0.2,0
0.538330078125,-0.0274658203125,-0.2,0.01
0.3460693359375,-0.032958984375,0,0
-0.1043701171875,-0.0933837890625,0,0
-0.8074951171875,-0.1702880859375,-0.2,0.01
