pitch,roll,forceLeft,forceRight
-1.4996337890625,0.186767578125,29.9,40.9
-1.8951416015625,0.15380859375,29.9,40.7
-2.26318359375,0.10986328125,29.9,40.7
-2.6202392578125,0.0604248046875,30.1,40.7
-2.8839111328125,0.02197265625,30.1,40.7
-3.3563232421875,-0.0494384765625,30.1,40.7
-3.9111328125,-0.1043701171875,30.3,40.5
-4.7076416015625,-0.1702880859375,30.3,40.5
-5.8282470703125,-0.28564453125,30.3,40.5
-7.27294921875,-0.4119873046875,30.3,40.5
-9.42626953125,-0.68115234375,30.3,40.2
