pitch,roll,forceLeft,forceRight
-0.955810546875,-5.1251220703125,55.3,10.6
-1.395263671875,-5.2789306640625,54.6,11.5
-1.64794921875,-5.2569580078125,54.2,11.5
-1.900634765625,-5.2294921875,54.2,11.7
-2.1588134765625,-5.1416015625,54.2,11.9
-2.4609375,-5.07568359375,53.9,12.1
-3.0487060546875,-4.9713134765625,53.9,12.4
-3.7957763671875,-4.7955322265625,53.9,12.1
-4.932861328125,-4.5428466796875,53.7,12.1
-6.5203857421875,-4.207763671875,53.7,12.4
-8.2232666015625,-3.8836669921875,53.7,12.4
