pitch,roll,forceLeft,forceRight
1.1590576171875,0.81298828125,0,0
0.252685546875,0.823974609375,0,0.01
-0.2032470703125,0.8294677734375,0,0
-0.6097412109375,0.8624267578125,-0.2,0.01
-0.7305908203125,0.9228515625,-0.2,0
-0.955810546875,0.9503173828125,0,0.01
-0.8514404296875,0.955810546875,-0.2,0
-0.758056640625,0.9393310546875,-0.2,0.01
-0.648193359375,0.889892578125,0,0
-0.59326171875,0.81298828125,0,0
-0.5548095703125,0.7196044921875,-0.2,0.01
