pitch,roll,forceLeft,forceRight
9.2559814453125,0.010986328125,55.3,10.6
7.459716796875,-1.8182373046875,54.6,11.5
5.8721923828125,-2.4554443359375,54.2,11.5
4.6417236328125,-2.8125,54.2,11.7
3.922119140625,-3.0816650390625,54.2,11.9
3.0596923828125,-3.3453369140625,53.9,12.1
2.6751708984375,-3.504638671875,53.9,12.4
2.384033203125,-3.6419677734375,53.9,12.1
2.1148681640625,-3.779296875,53.7,12.1
1.790771484375,-4.02099609375,53.7,12.4
1.4501953125,-4.207763671875,53.7,12.4
