pitch,roll,forceLeft,forceRight
-0.274658203125,-0.263671875,0,0.01
-0.2581787109375,-0.230712890625,-0.2,0.01
-0.230712890625,-0.2471923828125,-0.2,0
-0.15380859375,-0.2691650390625,-0.2,0
-0.0604248046875,-0.263671875,-0.2,0
0.164794921875,-0.2911376953125,-0.2,0.01
0.3021240234375,-0.340576171875,-0.2,0.01
0.2801513671875,-0.2691650390625,-0.2,0.01
0.263671875,-0.2362060546875,-0.2,0
0.06591796875,-0.2581787109375,-0.2,0
-0.3900146484375,-0.296630859375,0,0.01
