pitch,roll,forceLeft,forceRight
1.636962890625,0.6207275390625,0,0.01
0.4888916015625,0.6097412109375,-0.2,0.01
-0.3076171875,0.6207275390625,-0.2,0
-0.8734130859375,0.6427001953125,-0.2,0
-0.955810546875,0.6866455078125,-0.2,0
-1.1810302734375,0.7525634765625,-0.2,0.01
-1.1865234375,0.791015625,-0.2,0.01
-1.0931396484375,0.802001953125,-0.2,0.01
-0.9722900390625,0.7965087890625,-0.2,0
-0.8294677734375,0.7415771484375,-0.2,0
-0.7305908203125,0.68115234375,0,0.01
