pitch,roll,forceLeft,forceRight
10.887451171875,-0.186767578125,71.9,16.8
8.5308837890625,-2.2576904296875,57.8,15.1
6.08642578125,-2.8729248046875,50.1,11.5
4.163818359375,-3.2958984375,49.7,11.5
2.6861572265625,-3.592529296875,49.7,11.5
1.6534423828125,-3.8232421875,49.7,11.5
0.780029296875,-4.0264892578125,49.7,11.5
0.0604248046875,-4.141845703125,49.7,11.5
-0.164794921875,-4.185791015625,49.7,11.5
-0.516357421875,-4.361572265625,49.4,11.5
-0.90087890625,-4.5428466796875,49.4,11.5
