pitch,roll,forceLeft,forceRight
-2.318115234375,0.1702880859375,34.8,41.8
-2.5982666015625,0.087890625,32.8,39.1
-2.9937744140625,0.02197265625,32.8,39.1
-3.2904052734375,-0.0274658203125,32.8,39.1
-3.7518310546875,-0.087890625,32.8,39.1
-4.0924072265625,-0.1318359375,32.8,39.1
-4.405517578125,-0.1812744140625,33,38.9
-4.921875,-0.296630859375,33,38.9
-5.5975341796875,-0.3021240234375,33,38.7
-6.514892578125,-0.3350830078125,33,38.9
-8.0145263671875,-0.4229736328125,33,38.9
