pitch,roll,forceLeft,forceRight
11.3818359375,0.81298828125,34.8,41.8
9.2120361328125,0.9393310546875,32.8,39.1
7.239990234375,0.977783203125,32.8,39.1
5.570068359375,1.0491943359375,32.8,39.1
4.317626953125,1.1151123046875,32.8,39.1
3.3453369140625,1.175537109375,32.8,39.1
2.559814453125,1.2139892578125,33,38.9
2.1588134765625,1.219482421875,33,38.9
1.702880859375,1.2139892578125,33,38.7
1.2799072265625,1.16455078125,33,38.9
0.8074951171875,1.0986328125,33,38.9
