pitch,roll,forceLeft,forceRight
-89.2803955078125,28.5809326171875,39.8,16.2
-84.715576171875,-13.1890869140625,44.5,10.3
-84.4903564453125,-23.499755859375,43.6,11.2
-84.825439453125,-26.268310546875,43.2,11.7
-85.1165771484375,-29.35546875,42.9,11.7
