pitch,roll,forceLeft,forceRight
-1.1700439453125,-0.296630859375,0.21,0.01
-1.175537109375,-0.3021240234375,0.21,0
-2.13134765625,-0.19775390625,0.21,0
-1.988525390625,-0.0714111328125,0.21,0
-1.8292236328125,0.010986328125,0.21,0.01
-1.329345703125,0.087890625,0.21,0.01
-1.395263671875,0.1043701171875,0.21,0.01
-1.483154296875,0.06591796875,0.21,0.01
-1.2030029296875,0.054931640625,0.21,0
-0.9393310546875,0.076904296875,0.21,0
