pitch,roll,forceLeft,forceRight
1.2469482421875,0.791015625,-0.2,0.01
0.384521484375,0.8294677734375,-0.2,0
-0.19775390625,0.8349609375,-0.2,0
-0.6317138671875,0.867919921875,-0.2,0
-0.7470703125,0.9283447265625,-0.2,0.01
-0.977783203125,0.977783203125,-0.2,0.01
-0.9173583984375,0.94482421875,-0.2,0.01
-0.736083984375,0.955810546875,-0.2,0.01
-0.6097412109375,0.94482421875,-0.2,0
-0.5438232421875,0.8514404296875,-0.2,0.01
-0.52734375,0.7415771484375,0,0.01
