pitch,roll,forceLeft,forceRight
-1.241455078125,-5.55908203125,58,8.31
-1.6973876953125,-5.679931640625,57.3,9.01
-1.9281005859375,-5.64697265625,57.1,9.01
-2.2357177734375,-5.592041015625,56.9,9.21
-2.5213623046875,-5.4766845703125,56.9,9.21
-2.7685546875,-5.4107666015625,56.9,9.41
-3.284912109375,-5.2899169921875,56.6,9.71
-3.922119140625,-5.1141357421875,56.9,9.41
-4.6636962890625,-4.8724365234375,56.6,9.71
-4.735107421875,-4.5208740234375,56.6,9.71
-4.76806640625,-4.1033935546875,56.4,9.41
