pitch,roll,forceLeft,forceRight
-0.02197265625,-0.054931640625,-0.2,0.01
-0.02197265625,-0.054931640625,-0.2,0
0.098876953125,-0.0714111328125,-0.2,0
0.1922607421875,-0.0933837890625,-0.2,0
0.2911376953125,-0.098876953125,-0.2,0.01
0.406494140625,-0.1263427734375,-0.2,0.01
0.46142578125,-0.10986328125,-0.2,0.01
0.450439453125,-0.087890625,-0.2,0.01
0.296630859375,-0.098876953125,-0.2,0
-0.054931640625,-0.1373291015625,-0.2,0.01
-0.703125,-0.2252197265625,0,0.01
