pitch,roll,forceLeft,forceRight
9.393310546875,-0.1153564453125,58,8.31
7.6190185546875,-2.0654296875,57.3,9.01
5.9765625,-2.7410888671875,57.1,9.01
4.8065185546875,-3.1146240234375,56.9,9.21
4.031982421875,-3.427734375,56.9,9.21
3.2464599609375,-3.6474609375,56.9,9.41
2.7740478515625,-3.8946533203125,56.6,9.71
2.4664306640625,-4.0924072265625,56.9,9.41
2.2027587890625,-4.2626953125,56.6,9.71
1.8511962890625,-4.4439697265625,56.6,9.71
1.505126953125,-4.59228515625,56.4,9.41
