pitch,roll,forceLeft,forceRight
10.1019287109375,0.7415771484375,37.8,35.7
8.2452392578125,0.7305908203125,36.9,36
6.8389892578125,0.72509765625,36.6,36
5.5645751953125,0.7525634765625,36.6,36.2
4.63623046875,0.791015625,36.6,36.2
3.7188720703125,0.8349609375,36.4,36.2
3.3892822265625,0.8184814453125,36.4,36.4
2.9278564453125,0.8184814453125,36.4,36.2
2.52685546875,0.7855224609375,36.2,36.2
2.142333984375,0.714111328125,36.2,36.2
1.7083740234375,0.615234375,36.2,36.2
