pitch,roll,forceLeft,forceRight
-1.307373046875,-0.252685546875,0,0
-1.307373046875,-0.252685546875,0,0
-2.197265625,-0.1922607421875,-0.2,0
-2.021484375,-0.0714111328125,0,0.01
-1.845703125,0.0054931640625,-0.2,0
-1.3238525390625,0.087890625,0,0.01
-1.494140625,0.0933837890625,0,0
-1.4886474609375,0.0439453125,0,0
-1.1810302734375,0.0274658203125,0,0.01
-0.98876953125,0.0384521484375,0,0
