pitch,roll,forceLeft,forceRight
-3.2904052734375,0.3240966796875,56.6,0.21
-0.68115234375,-2.9388427734375,56.4,0.21
-1.2689208984375,-3.0047607421875,56.4,0.21
-1.5106201171875,-2.933349609375,56.4,0.21
-1.56005859375,-2.8564453125,56.4,0.21
-1.6204833984375,-2.7740478515625,56.4,0.21
-1.8402099609375,-2.735595703125,56.4,0.21
-1.856689453125,-2.70263671875,56.4,0.21
-1.99951171875,-2.5323486328125,56.4,0.21
-2.5048828125,-2.3016357421875,56.4,0.21
