pitch,roll,forceLeft,forceRight
0.4010009765625,-0.0714111328125,0,0
0.4010009765625,-0.0714111328125,0,0
0.1702880859375,-0.19775390625,-0.2,0
0.186767578125,-0.2142333984375,0,0.01
0.4119873046875,-0.230712890625,-0.2,0
0.5877685546875,-0.230712890625,0,0.01
0.6427001953125,-0.4010009765625,0,0
0.5548095703125,-0.4449462890625,0,0
0.68115234375,-0.46142578125,0,0.01
0.692138671875,-0.4559326171875,0,0
