milimeters,N*(m^2)
0,14.5437700723073
25,24.891532430957
50,32.3539357085961
75,33.5227272194681
100,44.7642520981963
125,50.0601955674994
150,64.1967956447002
175,77.8144404065851
200,85.9087423318314
225,99.2092887075248
250,114.969931566082
275,120.076035228389
300,146.813613922969
325,186.794107000206
350,215.756123014423
375,300.131628462779
400,317.78643013706
425,608.579143976397
450,3935.67258850957
475,4109.26169252467
500,4280.64179411974
525,4449.81289329478
550,4616.77499004978
575,4781.52808438474
600,4944.07217629967
625,5104.40726579454
650,4886.63811337875
675,4671.07796338299
700,4457.72681580718
725,4246.58467065154
750,4037.65152791586
775,3040.41856158744
800,60.5642691494555
825,42.9799787984525
850,101.629027456489
875,308.087300527021
900,283.719128521536
925,234.278150454237
950,254.253098540194
975,208.639585845276
1000,212.34324713247
1025,162.601500921287
1050,132.99334149447
1075,125.003703771481
1100,96.6413917511994
1125,75.1008101990574
1150,67.4869031742681
1175,45.5793899434055
1200,31.3882495345841
1225,25.0550179449379
1250,15.0781549434401
