pitch,roll,forceLeft,forceRight
-1.7193603515625,0.164794921875,41.6,46.5
-2.0654296875,0.186767578125,41.8,46.1
-2.52685546875,0.1702880859375,41.8,45.6
-2.87841796875,0.15380859375,42,45.6
-3.2464599609375,0.1263427734375,42,45.6
-3.7628173828125,0.1593017578125,42,45.6
-4.1912841796875,0.15380859375,42.3,45.6
-4.7900390625,0.142822265625,42.3,45.4
-5.51513671875,0.1318359375,42.3,45.4
-6.6357421875,0.0439453125,42.3,45.4
-7.9595947265625,-0.2197265625,42.5,45.2
