pitch,roll,forceLeft,forceRight
-0.450439453125,-0.626220703125,0,0.01
-0.0714111328125,0.010986328125,0,0.01
0.2032470703125,0.0274658203125,-0.2,0.01
0.384521484375,0,0,0.01
0.4559326171875,0.0439453125,0,0.01
0.5877685546875,0.1043701171875,0,0.01
0.87890625,0.186767578125,0,0.01
1.021728515625,0.19775390625,0,0.01
1.263427734375,0.2252197265625,0,0.21
1.2030029296875,0.17578125,0,0.01
1.065673828125,0.1318359375,0,0
