pitch,roll,forceLeft,forceRight
9.0362548828125,0.72509765625,41.6,46.5
7.80029296875,0.999755859375,41.8,46.1
6.7236328125,0.966796875,41.8,45.6
5.5810546875,0.9393310546875,42,45.6
4.37255859375,0.966796875,42,45.6
3.49365234375,0.94482421875,42,45.6
2.7191162109375,0.8953857421875,42.3,45.6
2.2027587890625,0.8953857421875,42.3,45.4
1.7633056640625,1.0986328125,42.3,45.4
1.29638671875,0.87890625,42.3,45.4
0.9722900390625,0.8184814453125,42.5,45.2
