pitch,roll,forceLeft,forceRight
7.9925537109375,-0.52734375,71,6.11
6.83349609375,-1.9940185546875,70.1,6.71
5.657958984375,-2.4664306640625,70.1,7.01
4.7076416015625,-2.8509521484375,70.1,7.01
3.702392578125,-2.889404296875,69.9,7.21
2.7630615234375,-3.4716796875,69.9,7.21
2.2247314453125,-2.933349609375,69.9,7.41
1.8072509765625,-3.1915283203125,69.7,7.41
1.3458251953125,-3.6419677734375,69.7,7.61
1.0272216796875,-4.010009765625,69.5,7.91
0.802001953125,-4.2352294921875,69.5,7.91
