pitch,roll,forceLeft,forceRight
-1.549072265625,-4.89990234375,71,6.11
-1.8896484375,-4.976806640625,70.1,6.71
-2.252197265625,-4.976806640625,70.1,7.01
-2.43896484375,-4.8724365234375,70.1,7.01
-2.7630615234375,-4.74609375,69.9,7.21
-3.350830078125,-4.5263671875,69.9,7.21
-3.680419921875,-4.3011474609375,69.9,7.41
-4.19677734375,-4.031982421875,69.7,7.41
-4.888916015625,-3.7188720703125,69.7,7.61
-5.8502197265625,-3.40576171875,69.5,7.91
-7.349853515625,-2.9718017578125,69.5,7.91
