pitch,roll,forceLeft,forceRight
-1.23046875,-0.032958984375,0,0.01
-1.5545654296875,0.142822265625,0,0.01
-1.5380859375,0.19775390625,-0.2,0.01
-1.6424560546875,0.2471923828125,0,0.01
-1.60400390625,0.2911376953125,0,0.01
-1.505126953125,0.3131103515625,0,0.01
-1.3677978515625,0.318603515625,0,0.01
-1.1920166015625,0.3350830078125,0,0.01
-0.9063720703125,0.32958984375,0,0.21
-0.81298828125,0.32958984375,0,0.01
-0.6427001953125,0.318603515625,0,0
