pitch,roll,forceLeft,forceRight
-1.4996337890625,-0.15380859375,37.5,35.1
-1.8731689453125,-0.1922607421875,36.9,35.3
-2.2412109375,-0.2252197265625,36.6,35.3
-2.65869140625,-0.2581787109375,36.4,35.5
-2.911376953125,-0.263671875,36.6,35.5
-3.2244873046875,-0.3021240234375,36.4,35.7
-3.75732421875,-0.318603515625,36.4,35.7
-4.361572265625,-0.3131103515625,36.2,35.7
-4.4989013671875,-0.3350830078125,36.2,36
-4.41650390625,-0.3515625,36.2,36
-4.251708984375,-0.46142578125,36,36
