pitch,roll,forceLeft,forceRight
1.175537109375,0.8074951171875,-0.2,0.01
0.3131103515625,0.8074951171875,-0.2,0.01
-0.1812744140625,0.7965087890625,-0.2,0
-0.692138671875,0.8404541015625,0,0
-0.7415771484375,0.9173583984375,-0.2,0
-0.9063720703125,0.94482421875,-0.2,0
-0.81298828125,0.9722900390625,-0.2,0.01
-0.758056640625,0.933837890625,-0.2,0.01
-0.59326171875,0.933837890625,-0.2,0
-0.5218505859375,0.8734130859375,-0.2,0.01
-0.472412109375,0.780029296875,-0.2,0
