pitch,roll,forceLeft,forceRight
10.04150390625,0.802001953125,37.5,35.1
8.23974609375,0.791015625,36.9,35.3
6.7950439453125,0.7855224609375,36.6,35.3
5.5096435546875,0.8349609375,36.4,35.5
4.6636962890625,0.867919921875,36.6,35.5
3.7738037109375,0.9063720703125,36.4,35.7
3.2794189453125,0.9173583984375,36.4,35.7
2.8070068359375,0.90087890625,36.2,35.7
2.4444580078125,0.8734130859375,36.2,36
2.04345703125,0.81298828125,36.2,36
1.593017578125,0.7086181640625,36,36
