pitch,roll,forceLeft,forceRight
0.0274658203125,-0.054931640625,-0.2,0.01
0.0384521484375,-0.0439453125,-0.2,0.01
0.054931640625,-0.0714111328125,-0.2,0
0.1263427734375,-0.098876953125,0,0
0.3570556640625,-0.10986328125,-0.2,0
0.4449462890625,-0.1153564453125,-0.2,0
0.472412109375,-0.1153564453125,-0.2,0.01
0.4998779296875,-0.098876953125,-0.2,0.01
0.4010009765625,-0.1153564453125,-0.2,0
-0.02197265625,-0.1593017578125,-0.2,0.01
-0.6976318359375,-0.2471923828125,-0.2,0
