pitch,roll,forceLeft,forceRight
-1.2799072265625,-5.4986572265625,57.3,9.01
-1.702880859375,-5.6414794921875,56.6,9.71
-1.966552734375,-5.5865478515625,56.4,9.91
-2.252197265625,-5.5535888671875,56.2,10.1
-2.5213623046875,-5.4327392578125,56.2,10.3
-2.79052734375,-5.3448486328125,56.2,10.3
-3.2794189453125,-5.2349853515625,56,10.6
-3.9166259765625,-5.0592041015625,56,10.6
-4.482421875,-4.822998046875,55.7,10.6
-4.658203125,-4.482421875,55.7,10.8
-4.5867919921875,-4.06494140625,55.7,11
