pitch,roll,forceLeft,forceRight
9.2999267578125,-0.010986328125,57.3,9.01
7.503662109375,-2.0599365234375,56.6,9.71
5.80078125,-2.8125,56.4,9.91
4.6746826171875,-3.153076171875,56.2,10.1
3.9825439453125,-3.4771728515625,56.2,10.3
3.109130859375,-3.66943359375,56.2,10.3
2.713623046875,-3.8726806640625,56,10.6
2.3455810546875,-4.06494140625,56,10.6
2.08740234375,-4.207763671875,55.7,10.6
1.790771484375,-4.4110107421875,55.7,10.8
1.3787841796875,-4.6197509765625,55.7,11
