pitch,roll,forceLeft,forceRight
-0.7855224609375,-0.2197265625,39.1,39.8
-0.966796875,-0.2801513671875,38.4,40
-1.5765380859375,-0.318603515625,38.2,40
-2.186279296875,-0.274658203125,38.2,40
-2.691650390625,-0.296630859375,38,40.2
-3.2244873046875,-0.3350830078125,38,40.2
-3.7738037109375,-0.32958984375,38,40.2
-4.6197509765625,-0.32958984375,37.8,40.2
-5.4656982421875,-0.3680419921875,37.8,40.2
-6.48193359375,-0.3570556640625,37.8,40.2
-8.6846923828125,-0.439453125,37.8,40.5
