pitch,roll,forceLeft,forceRight
7.8936767578125,0.2691650390625,39.1,39.8
7.1685791015625,0.15380859375,38.4,40
6.3775634765625,0.1043701171875,38.2,40
5.6744384765625,0.098876953125,38.2,40
5.328369140625,0.10986328125,38,40.2
4.625244140625,0.1318359375,38,40.2
4.0704345703125,0.0494384765625,38,40.2
3.7188720703125,0.06591796875,37.8,40.2
3.2135009765625,0.032958984375,37.8,40.2
2.8399658203125,0.010986328125,37.8,40.2
2.57080078125,0.0164794921875,37.8,40.5
