pitch,roll,forceLeft,forceRight
0.19775390625,0.4339599609375,-0.2,0.01
0.2581787109375,0.41748046875,-0.2,0
0.186767578125,0.406494140625,-0.2,0
0.2197265625,0.428466796875,-0.2,0
0.3680419921875,0.4559326171875,-0.2,0.01
0.296630859375,0.516357421875,-0.2,0
0.274658203125,0.4998779296875,-0.2,0
0.2581787109375,0.5108642578125,-0.2,0.01
0.230712890625,0.560302734375,-0.2,0
0.164794921875,0.54931640625,-0.2,0.01
0.3515625,0.59326171875,-0.2,0.01
