pitch,roll,forceLeft,forceRight
7.27294921875,-0.6317138671875,62.9,7.21
6.580810546875,-2.1807861328125,62,8.11
5.64697265625,-3.4991455078125,62,8.31
4.9822998046875,-3.966064453125,61.8,8.51
4.6966552734375,-4.273681640625,61.8,8.81
4.0814208984375,-4.493408203125,61.6,8.81
3.6529541015625,-4.735107421875,61.6,8.81
3.284912109375,-4.921875,61.6,9.01
2.9827880859375,-5.0592041015625,61.4,9.01
2.559814453125,-5.196533203125,61.6,8.81
2.3455810546875,-5.2239990234375,61.4,9.01
