pitch,roll,forceLeft,forceRight
-0.4669189453125,-5.460205078125,62.9,7.21
-0.7305908203125,-5.5096435546875,62,8.11
-1.2908935546875,-5.44921875,62,8.31
-1.8017578125,-5.2569580078125,61.8,8.51
-2.2906494140625,-5.1361083984375,61.8,8.81
-2.713623046875,-4.9658203125,61.6,8.81
-3.2080078125,-4.72412109375,61.6,8.81
-3.9715576171875,-4.471435546875,61.6,9.01
-4.7296142578125,-4.119873046875,61.4,9.01
-5.657958984375,-3.7298583984375,61.6,8.81
-7.723388671875,-3.240966796875,61.4,9.01
