pitch,roll,forceLeft,forceRight
0.5767822265625,0.428466796875,-0.2,0.01
0.7196044921875,0.4119873046875,-0.2,0
0.5767822265625,0.4229736328125,-0.2,0
0.4888916015625,0.4559326171875,-0.2,0
0.4559326171875,0.428466796875,-0.2,0.01
0.4339599609375,0.4339599609375,-0.2,0
0.5108642578125,0.428466796875,-0.2,0
0.439453125,0.3955078125,-0.2,0.01
0.494384765625,0.3570556640625,-0.2,0
0.296630859375,0.2471923828125,-0.2,0.01
-0.977783203125,0.1153564453125,-0.2,0.01
