milimeters,N*(m^2)
0,70.5041527669625
50,93.1345438617697
100,127.20633151775
150,179.943461107725
200,233.485209594357
250,270.852826367878
300,334.024038121992
350,374.277118298167
400,79.6774417318423
450,95.6019938733632
500,Inf
550,Inf
600,Inf
650,Inf
700,131.890876597282
750,67.5117284308011
800,124.086396900897
850,641.122927633642
900,701.83850790193
950,632.900424812928
1000,608.782144559093
1050,638.864571539147
1100,555.622823418078
1150,445.992693552948
1200,413.383851068656
