milimeters,N*(m^2)
0,87.7032237192687
50,112.324405019335
100,144.102065116082
150,210.858983529599
200,258.906928247084
250,285.771396765254
300,377.863808132272
350,405.324078648706
400,98.4124789647994
450,120.455336134462
500,Inf
550,Inf
600,Inf
650,Inf
700,166.172779167332
750,93.3980443367658
800,185.809238431512
850,718.293370732472
900,647.118949452908
950,700.336036464161
1000,725.114288742142
1050,666.410187515087
1100,549.001305431579
1150,473.011844189912
1200,448.01205616261
