pitch,roll,forceLeft,forceRight
-2.9168701171875,-1.58203125,27.2,7.91
-3.372802734375,-1.6259765625,26.5,8.81
-3.8507080078125,-1.51611328125,26.3,8.81
-4.1583251953125,-1.4007568359375,26.1,8.81
-4.4219970703125,-1.2799072265625,25.8,9.01
-4.7021484375,-1.1700439453125,25.8,9.01
-4.8284912109375,-1.0711669921875,25.8,9.21
-4.89990234375,-0.9722900390625,25.8,9.01
-4.8779296875,-0.8734130859375,25.8,9.21
-4.7735595703125,-0.7745361328125,25.6,9.41
-4.658203125,-0.6976318359375,25.6,9.71
