pitch,roll,forceLeft,forceRight
-0.406494140625,-0.1593017578125,-0.2,0
-0.439453125,-0.1043701171875,0,0
-0.450439453125,-0.10986328125,0,0
-0.4119873046875,-0.1153564453125,-0.2,0
-0.3515625,-0.098876953125,0,0
-0.274658203125,-0.10986328125,-0.2,0
-0.1593017578125,-0.1318359375,-0.2,0
-0.0274658203125,-0.1483154296875,0,0
0.0823974609375,-0.164794921875,0,0
0.2032470703125,-0.230712890625,0,0
0.3350830078125,-0.2142333984375,-0.2,0
