pitch,roll,forceLeft,forceRight
5.712890625,0.340576171875,13.5,21.1
5.64697265625,0.3900146484375,13.9,20.7
5.6414794921875,0.41748046875,13.9,20.7
5.4547119140625,0.4339599609375,14.2,20.7
5.3173828125,0.450439453125,13.9,20.7
5.108642578125,0.46142578125,14.2,20.7
4.8175048828125,0.4888916015625,14.2,20.7
4.5263671875,0.50537109375,14.2,20.4
4.010009765625,0.50537109375,14.2,20.4
3.4552001953125,0.5108642578125,14.2,20.4
2.92236328125,0.516357421875,14.2,20.7
