pitch,roll,forceLeft,forceRight
4.89990234375,-0.0823974609375,27.2,7.91
4.779052734375,-0.2362060546875,26.5,8.81
4.74609375,-0.32958984375,26.3,8.81
4.669189453125,-0.4339599609375,26.1,8.81
4.482421875,-0.5877685546875,25.8,9.01
4.3341064453125,-0.68115234375,25.8,9.01
4.1143798828125,-0.802001953125,25.8,9.21
3.8232421875,-0.90087890625,25.8,9.01
3.438720703125,-1.021728515625,25.8,9.21
3.01025390625,-1.142578125,25.6,9.41
2.4444580078125,-1.2689208984375,25.6,9.71
