pitch,roll,forceLeft,forceRight
-3.2244873046875,0.087890625,13.5,21.1
-3.834228515625,0.06591796875,13.9,20.7
-4.3560791015625,0.0439453125,13.9,20.7
-4.7735595703125,0.0054931640625,14.2,20.7
-5.1031494140625,-0.032958984375,13.9,20.7
-5.33935546875,-0.0494384765625,14.2,20.7
-5.4931640625,-0.10986328125,14.2,20.7
-5.5810546875,-0.0933837890625,14.2,20.4
-5.5645751953125,-0.1373291015625,14.2,20.4
-5.4656982421875,-0.0494384765625,14.2,20.4
-5.33935546875,-0.274658203125,14.2,20.7
