pitch,roll,forceLeft,forceRight
-0.59326171875,0.3131103515625,-0.2,0
-0.5712890625,0.3240966796875,0,0
-0.4888916015625,0.3021240234375,0,0
-0.3515625,0.3076171875,-0.2,0
-0.186767578125,0.3570556640625,0,0
-0.032958984375,0.3680419921875,-0.2,0
0.076904296875,0.362548828125,-0.2,0
0.1922607421875,0.3515625,0,0
0.274658203125,0.340576171875,0,0
0.3240966796875,0.2581787109375,0,0
0.3131103515625,0.2801513671875,-0.2,0
