pitch,roll,forceLeft,forceRight
-1.3897705078125,-0.1043701171875,0.91,0.01
-1.6644287109375,0.076904296875,0.91,0.01
-1.6754150390625,0.19775390625,0.91,0.01
-1.658935546875,0.274658203125,0.91,0
-1.571044921875,0.340576171875,0.91,0.01
-1.56005859375,0.3900146484375,0.71,0.01
-1.351318359375,0.3900146484375,0.91,0.01
-1.16455078125,0.3900146484375,0.91,0.01
-0.9393310546875,0.3900146484375,0.91,0.01
-0.7965087890625,0.384521484375,0.91,0
-0.6317138671875,0.3570556640625,0.91,0.01
