pitch,roll,forceLeft,forceRight
-1.8731689453125,0.186767578125,44.5,50.6
-2.3236083984375,0.2032470703125,44.7,49.9
-2.7630615234375,0.17578125,44.9,49.7
-3.109130859375,0.1702880859375,44.9,49.4
-3.5430908203125,0.1153564453125,44.9,49.4
-4.075927734375,0.10986328125,44.9,49.4
-4.581298828125,0.1318359375,45.2,49.4
-5.20751953125,0.1922607421875,45.2,49.4
-6.0369873046875,0.1922607421875,45.2,49.4
-7.2125244140625,0.0604248046875,45.2,49.4
-8.59130859375,-0.1702880859375,45.4,49.4
