pitch,roll,forceLeft,forceRight
9.6075439453125,0.582275390625,44.5,50.6
8.41552734375,0.780029296875,44.7,49.9
7.349853515625,0.8843994140625,44.9,49.7
6.0589599609375,0.9173583984375,44.9,49.4
4.8724365234375,0.966796875,44.9,49.4
3.8671875,0.9613037109375,44.9,49.4
3.197021484375,0.955810546875,45.2,49.4
2.559814453125,0.94482421875,45.2,49.4
2.0599365234375,0.94482421875,45.2,49.4
1.5435791015625,0.9228515625,45.2,49.4
1.2689208984375,0.8953857421875,45.4,49.4
