pitch,roll,forceLeft,forceRight
0.1483154296875,0.010986328125,0.91,0.01
0.164794921875,0.032958984375,0.91,0.01
0.2032470703125,0,0.91,0.01
0.362548828125,0.010986328125,0.91,0
0.46142578125,0.010986328125,0.91,0.01
0.5767822265625,0.06591796875,0.71,0.01
0.8294677734375,0.1373291015625,0.91,0.01
0.955810546875,0.19775390625,0.91,0.01
1.25244140625,0.230712890625,0.91,0.01
1.1920166015625,0.17578125,0.91,0
1.03271484375,0.1702880859375,0.91,0.01
