pitch,roll,forceLeft,forceRight
-1.702880859375,-4.866943359375,74.4,7.41
-2.054443359375,-4.9383544921875,73.7,8.11
-2.3565673828125,-4.8944091796875,73.5,8.51
-2.724609375,-4.833984375,73.3,8.51
-3.109130859375,-4.74609375,73.5,8.81
-3.658447265625,-4.50439453125,73.3,8.81
-4.0264892578125,-4.273681640625,73.3,8.81
-4.5977783203125,-4.04296875,73.3,9.01
-5.4547119140625,-3.71337890625,73,8.81
-6.5313720703125,-3.40576171875,73,8.81
-7.998046875,-2.999267578125,73,9.01
