pitch,roll,forceLeft,forceRight
8.800048828125,-0.340576171875,74.4,7.41
7.6519775390625,-2.032470703125,73.7,8.11
6.5313720703125,-2.4554443359375,73.5,8.51
5.29541015625,-2.8289794921875,73.3,8.51
4.2242431640625,-3.1585693359375,73.5,8.81
3.3563232421875,-3.4442138671875,73.3,8.81
2.691650390625,-3.6968994140625,73.3,8.81
2.0489501953125,-3.9276123046875,73.3,9.01
1.6864013671875,-3.7353515625,73,8.81
1.34033203125,-4.075927734375,73,8.81
1.043701171875,-4.3560791015625,73,9.01
