pitch,roll,forceLeft,forceRight
-1.494140625,-0.274658203125,37.8,34.4
-1.8402099609375,-0.32958984375,36.9,34.8
-2.1807861328125,-0.3680419921875,36.6,35.1
-2.5213623046875,-0.3955078125,36.6,35.1
-2.8399658203125,-0.4119873046875,36.6,35.1
-3.1695556640625,-0.439453125,36.4,35.1
-3.6859130859375,-0.46142578125,36.4,35.3
-4.306640625,-0.450439453125,36.4,35.1
-4.515380859375,-0.4449462890625,36.4,35.3
-4.41650390625,-0.46142578125,36.2,35.3
-4.3450927734375,-0.5548095703125,36.2,35.3
