pitch,roll,forceLeft,forceRight
-0.0164794921875,-0.0494384765625,-0.2,0.01
0.0274658203125,-0.0384521484375,-0.2,0
0.1153564453125,-0.0714111328125,-0.2,0
0.186767578125,-0.087890625,0,0.01
0.2801513671875,-0.1043701171875,0,0.01
0.4339599609375,-0.10986328125,-0.2,0
0.46142578125,-0.10986328125,-0.2,0
0.494384765625,-0.0823974609375,-0.2,0.01
0.37353515625,-0.098876953125,-0.2,0.01
-0.054931640625,-0.1483154296875,-0.2,0.01
-0.714111328125,-0.230712890625,-0.2,0.01
