pitch,roll,forceLeft,forceRight
9.832763671875,0.7470703125,37.8,34.4
8.118896484375,0.7086181640625,36.9,34.8
6.6961669921875,0.6756591796875,36.6,35.1
5.394287109375,0.7086181640625,36.6,35.1
4.5758056640625,0.7525634765625,36.6,35.1
3.592529296875,0.7855224609375,36.4,35.1
3.1915283203125,0.7965087890625,36.4,35.3
2.779541015625,0.7745361328125,36.4,35.1
2.4609375,0.736083984375,36.4,35.3
2.0599365234375,0.6866455078125,36.2,35.3
1.5985107421875,0.59326171875,36.2,35.3
