pitch,roll,forceLeft,forceRight
9.195556640625,-0.0494384765625,57.1,8.51
7.459716796875,-2.032470703125,56.4,9.21
5.767822265625,-2.87841796875,56.4,9.21
4.6087646484375,-3.27392578125,56.2,9.41
3.8726806640625,-3.58154296875,56.2,9.41
3.0157470703125,-3.790283203125,56.2,9.71
2.724609375,-3.988037109375,56,9.91
2.3345947265625,-4.2022705078125,56,9.91
2.0599365234375,-4.361572265625,56,9.91
1.746826171875,-4.5538330078125,55.7,9.91
1.4117431640625,-4.735107421875,55.5,10.3
