pitch,roll,forceLeft,forceRight
-1.241455078125,-5.6414794921875,57.1,8.51
-1.64794921875,-5.7843017578125,56.4,9.21
-1.900634765625,-5.73486328125,56.4,9.21
-2.26318359375,-5.679931640625,56.2,9.41
-2.449951171875,-5.570068359375,56.2,9.41
-2.7850341796875,-5.4876708984375,56.2,9.71
-3.1695556640625,-5.3778076171875,56,9.91
-3.8177490234375,-5.174560546875,56,9.91
-4.5098876953125,-4.932861328125,56,9.91
-4.7296142578125,-4.581298828125,55.7,9.91
-4.6417236328125,-4.1583251953125,55.5,10.3
