pitch,roll,forceLeft,forceRight
1.3018798828125,0.8294677734375,-0.2,0.01
0.384521484375,0.8184814453125,-0.2,0
-0.0439453125,0.81298828125,-0.2,0
-0.6097412109375,0.845947265625,0,0.01
-0.758056640625,0.9283447265625,0,0.01
-0.977783203125,0.9613037109375,-0.2,0
-0.8953857421875,0.9832763671875,-0.2,0
-0.791015625,0.9503173828125,-0.2,0.01
-0.5987548828125,0.955810546875,-0.2,0.01
-0.5328369140625,0.9063720703125,-0.2,0.01
-0.494384765625,0.7965087890625,-0.2,0.01
