pitch,roll,forceLeft,forceRight
8.85498046875,0.2362060546875,52.1,40.7
8.0419921875,0.3021240234375,50.8,40.9
7.14111328125,0.3790283203125,50.6,40.9
6.15234375,0.384521484375,50.3,40.9
5.07568359375,0.4010009765625,50.1,41.1
4.031982421875,0.3900146484375,50.1,41.1
3.1695556640625,0.3680419921875,49.9,41.1
2.5433349609375,0.3076171875,49.9,41.1
2.054443359375,0.274658203125,49.9,41.1
1.5985107421875,0.2032470703125,49.9,41.4
