pitch,roll,forceLeft,forceRight
-1.087646484375,-0.362548828125,0,0.01
-1.593017578125,-0.076904296875,0,0
-1.60400390625,0.0439453125,0,0.01
-1.5435791015625,0.1702880859375,0,0.01
-1.614990234375,0.2471923828125,-0.2,0
-1.60400390625,0.3240966796875,-0.2,0.01
-1.5106201171875,0.340576171875,-0.2,0
-1.29638671875,0.340576171875,0,0
-1.0821533203125,0.32958984375,-0.2,0
-0.9283447265625,0.3240966796875,0,0
