pitch,roll,forceLeft,forceRight
8.37158203125,-0.8349609375,74.4,1.81
7.239990234375,-2.0819091796875,73.9,2.21
6.328125,-2.5048828125,73.7,2.71
5.3173828125,-3.05419921875,73.7,2.71
4.3011474609375,-3.4716796875,73.5,2.71
3.4112548828125,-3.790283203125,73.5,2.91
2.6531982421875,-4.1253662109375,73.5,2.91
2.1588134765625,-4.3890380859375,73.5,2.91
1.6754150390625,-4.6142578125,73.5,2.91
1.3623046875,-4.74609375,73.5,2.91
