pitch,roll,forceLeft,forceRight
-1.2359619140625,-5.4052734375,74.4,1.81
-1.571044921875,-5.482177734375,73.9,2.21
-1.834716796875,-5.4656982421875,73.7,2.71
-2.1588134765625,-5.372314453125,73.7,2.71
-2.4169921875,-5.240478515625,73.5,2.71
-2.8619384765625,-5.086669921875,73.5,2.91
-3.2574462890625,-4.833984375,73.5,2.91
-3.6090087890625,-4.5648193359375,73.5,2.91
-4.3121337890625,-4.229736328125,73.5,2.91
-5.2294921875,-3.8177490234375,73.5,2.91
