pitch,roll,forceLeft,forceRight
0.1263427734375,-0.0054931640625,0,0.01
0.1373291015625,0.0274658203125,0,0
0.1812744140625,0,0,0.01
0.2581787109375,0.010986328125,0,0.01
0.439453125,0.0164794921875,-0.2,0
0.4779052734375,0.076904296875,-0.2,0.01
0.670166015625,0.1153564453125,-0.2,0
0.966796875,0.186767578125,0,0
1.1151123046875,0.28564453125,-0.2,0
1.29638671875,0.2581787109375,0,0
