pitch,roll,forceLeft,forceRight
-1.40625,-0.318603515625,52.1,40.7
-1.73583984375,-0.3076171875,50.8,40.9
-2.21923828125,-0.3131103515625,50.6,40.9
-2.6312255859375,-0.362548828125,50.3,40.9
-2.92236328125,-0.384521484375,50.1,41.1
-3.4112548828125,-0.3900146484375,50.1,41.1
-3.790283203125,-0.296630859375,49.9,41.1
-4.2901611328125,-0.2252197265625,49.9,41.1
-5.0811767578125,-0.186767578125,49.9,41.1
-5.921630859375,-0.2142333984375,49.9,41.4
