pitch,roll,forceLeft,forceRight
1.7413330078125,0.4779052734375,65.6,7.61
11.0906982421875,-0.1373291015625,64.7,8.31
8.0255126953125,-2.449951171875,64.5,8.81
6.009521484375,-2.9278564453125,64.5,9.01
4.9273681640625,-3.284912109375,64.5,9.21
4.1802978515625,-3.6199951171875,64.5,9.01
3.372802734375,-2.999267578125,64.3,9.21
2.8399658203125,-3.724365234375,64.3,9.21
2.35107421875,-4.306640625,64.5,9.21
1.7962646484375,-3.944091796875,64.3,9.41
