pitch,roll,forceLeft,forceRight
1.0601806640625,-0.1483154296875,0,0.21
1.0601806640625,-0.1483154296875,0,0.21
-0.5328369140625,-0.19775390625,0,0.21
-1.6864013671875,-0.1483154296875,0,0.21
-1.9281005859375,-0.098876953125,0,0.21
-1.7523193359375,-0.087890625,0,0.21
-1.7138671875,-0.032958984375,0,0.21
-1.4886474609375,0,0,0.21
-1.3568115234375,0.010986328125,0,0.21
-1.29638671875,0.0054931640625,0,0.21
