pitch,roll,forceLeft,forceRight
-1.2359619140625,0.02197265625,38.7,45.8
11.546630859375,0.32958984375,38.9,45.2
9.0911865234375,0.37353515625,39.1,45.2
6.822509765625,0.4339599609375,39.1,44.9
5.7843017578125,0.46142578125,39.1,44.9
4.866943359375,0.5108642578125,39.3,45.2
4.0264892578125,0.5108642578125,39.6,45.2
3.40576171875,0.472412109375,39.3,45.2
2.8070068359375,0.4888916015625,39.3,45.2
2.2247314453125,0.4449462890625,39.3,44.9
