pitch,roll,forceLeft,forceRight
-6.3446044921875,0.3460693359375,65.6,7.61
-2.142333984375,-4.9493408203125,64.7,8.31
-2.74658203125,-4.976806640625,64.5,8.81
-3.0047607421875,-4.833984375,64.5,9.01
-3.27392578125,-4.713134765625,64.5,9.21
-3.6199951171875,-4.5263671875,64.5,9.01
-3.9385986328125,-4.427490234375,64.3,9.21
-4.2791748046875,-4.2572021484375,64.3,9.21
-5.0152587890625,-3.9990234375,64.5,9.21
-5.3228759765625,-3.702392578125,64.3,9.41
