pitch,roll,forceLeft,forceRight
-2.373046875,0.2691650390625,38.7,45.8
-2.3675537109375,0.2801513671875,38.9,45.2
-2.8619384765625,0.318603515625,39.1,45.2
-3.1256103515625,0.3515625,39.1,44.9
-3.526611328125,0.3570556640625,39.1,44.9
-3.8836669921875,0.3515625,39.3,45.2
-4.2901611328125,0.3680419921875,39.6,45.2
-4.779052734375,0.3515625,39.3,45.2
-5.526123046875,0.3350830078125,39.3,45.2
-5.9381103515625,0.362548828125,39.3,44.9
