pitch,roll,forceLeft,forceRight
-0.2471923828125,0.032958984375,0,0.21
-0.2471923828125,0.032958984375,0,0.21
-0.186767578125,0.0604248046875,0,0.21
-0.0439453125,0.06591796875,0,0.21
0.1593017578125,0.076904296875,0,0.21
0.28564453125,0.1373291015625,0,0.21
0.439453125,0.1373291015625,0,0.21
0.538330078125,0.1153564453125,0,0.21
0.428466796875,0.120849609375,0,0.21
0.7470703125,0.120849609375,0,0.21
