pitch,roll,forceLeft,forceRight
-2.7081298828125,0.4669189453125,47,0.71
-0.472412109375,-4.6142578125,46.5,0.91
-1.131591796875,-4.5208740234375,46.3,0.71
-1.351318359375,-4.4439697265625,46.5,0.91
-1.3348388671875,-4.32861328125,46.5,0.91
-1.417236328125,-4.24072265625,46.3,0.71
-1.549072265625,-4.1473388671875,46.5,0.71
-1.5985107421875,-3.9605712890625,46.3,0.91
-1.6973876953125,-3.680419921875,46.3,0.71
-2.2247314453125,-3.3233642578125,46.3,0.71
