pitch,roll,forceLeft,forceRight
-0.703125,0.186767578125,20.9,32.4
4.02099609375,0.2142333984375,21.6,32.1
2.63671875,0.50537109375,21.8,31.7
2.1697998046875,0.63720703125,22,31.7
1.9500732421875,0.72509765625,22,31.7
1.51611328125,0.81298828125,22,31.7
1.219482421875,0.823974609375,22.2,31.7
-0.8404541015625,0.76904296875,22.2,31.7
0.911865234375,0.8184814453125,22.2,31.7
0.76904296875,0.85693359375,22.5,31.9
