pitch,roll,forceLeft,forceRight
0.340576171875,-0.10986328125,-0.2,0
0.340576171875,-0.10986328125,0,0
0.1812744140625,-0.1922607421875,-0.2,0.01
0.2252197265625,-0.2471923828125,0,0.01
0.4119873046875,-0.2801513671875,0,0
0.4559326171875,-0.3900146484375,0,0
0.52734375,-0.46142578125,0,0
0.604248046875,-0.5108642578125,0,0.01
0.791015625,-0.5218505859375,0,0.01
0.8624267578125,-0.4888916015625,0,0.01
