pitch,roll,forceLeft,forceRight
-0.5987548828125,0.24169921875,20.9,32.4
-0.5108642578125,0.24169921875,21.6,32.1
-0.8294677734375,0.439453125,21.8,31.7
-1.1041259765625,0.41748046875,22,31.7
-1.153564453125,0.4119873046875,22,31.7
-1.2908935546875,0.384521484375,22,31.7
-1.4666748046875,0.340576171875,22.2,31.7
-1.51611328125,0.2691650390625,22.2,31.7
-1.6534423828125,0.3350830078125,22.2,31.7
-2.186279296875,0.384521484375,22.5,31.9
