pitch,roll,forceLeft,forceRight
1.2030029296875,0.7965087890625,-0.2,0
0.384521484375,0.7965087890625,0,0
-0.1702880859375,0.791015625,-0.2,0
-0.63720703125,0.8404541015625,-0.2,0
-0.703125,0.9228515625,-0.2,0
-0.911865234375,0.955810546875,-0.2,0
-0.8843994140625,0.966796875,-0.2,0
-0.7855224609375,0.955810546875,-0.2,0
-0.604248046875,0.955810546875,-0.2,0.01
-0.52734375,0.90087890625,-0.2,0
-0.4833984375,0.7965087890625,-0.2,0
