pitch,roll,forceLeft,forceRight
8.98681640625,0.1043701171875,54.8,9.41
7.239990234375,-1.8072509765625,53.7,10.3
5.526123046875,-2.537841796875,53.5,10.6
4.4439697265625,-2.845458984375,53.5,10.6
3.7518310546875,-3.109130859375,53.3,10.8
3.043212890625,-3.2958984375,53.3,10.8
2.5982666015625,-3.4771728515625,53,10.8
2.2412109375,-3.6474609375,53,11
1.988525390625,-3.80126953125,53,11
1.6644287109375,-3.9825439453125,52.8,11
1.2689208984375,-4.1693115234375,53,11
