pitch,roll,forceLeft,forceRight
-1.4501953125,0.1593017578125,29,40
-1.8017578125,0.2032470703125,29.4,39.8
-2.1588134765625,0.1702880859375,29.7,39.6
-2.4884033203125,0.1373291015625,29.7,39.6
-2.8509521484375,0.10986328125,29.7,39.6
-3.1036376953125,0.0714111328125,29.9,39.6
-3.6199951171875,0.032958984375,29.9,39.6
-4.2132568359375,0.0274658203125,29.9,39.6
-4.5538330078125,0.02197265625,29.9,39.3
-4.4989013671875,-0.0274658203125,29.9,39.3
-4.3780517578125,-0.17578125,29.9,39.1
