pitch,roll,forceLeft,forceRight
0.0164794921875,-0.032958984375,-0.2,0
0.032958984375,-0.0384521484375,0,0
0.0439453125,-0.06591796875,-0.2,0
0.120849609375,-0.0933837890625,-0.2,0
0.28564453125,-0.1043701171875,-0.2,0
0.439453125,-0.1153564453125,-0.2,0
0.472412109375,-0.1043701171875,-0.2,0
0.4888916015625,-0.0933837890625,-0.2,0
0.362548828125,-0.10986328125,-0.2,0.01
-0.06591796875,-0.1373291015625,-0.2,0
-0.703125,-0.230712890625,-0.2,0
