pitch,roll,forceLeft,forceRight
9.744873046875,0.81298828125,29,40
7.9815673828125,0.966796875,29.4,39.8
6.4599609375,1.043701171875,29.7,39.6
5.20751953125,1.1151123046875,29.7,39.6
4.427490234375,1.16455078125,29.7,39.6
3.548583984375,1.241455078125,29.9,39.6
3.0816650390625,1.263427734375,29.9,39.6
2.7081298828125,1.263427734375,29.9,39.6
2.373046875,1.2579345703125,29.9,39.3
1.9171142578125,1.2030029296875,29.9,39.3
1.58203125,1.131591796875,29.9,39.1
