pitch,roll,forceLeft,forceRight
-0.98876953125,0.2032470703125,12.4,20
2.21923828125,0.41748046875,12.8,19.3
1.988525390625,0.615234375,13,19.3
1.966552734375,0.5987548828125,13,19.3
1.9830322265625,0.7196044921875,13,19.3
1.878662109375,0.692138671875,13.3,19.3
1.922607421875,0.714111328125,13.3,19.1
1.8072509765625,0.8184814453125,13.5,19.1
1.73583984375,0.7745361328125,13.5,19.1
1.69189453125,0.791015625,13.5,19.1
