pitch,roll,forceLeft,forceRight
1.4886474609375,0.7745361328125,24.3,9.21
1.724853515625,-0.439453125,23.4,10.1
1.505126953125,-0.8624267578125,23.1,10.1
1.5380859375,-1.0546875,23.1,10.3
1.593017578125,-0.8624267578125,23.1,10.3
1.5380859375,-1.0986328125,22.9,10.6
1.4666748046875,-1.12060546875,22.9,10.6
1.4776611328125,-1.1920166015625,22.9,10.3
1.4501953125,-1.1151123046875,22.9,10.6
1.318359375,-1.3348388671875,22.7,10.6
