pitch,roll,forceLeft,forceRight
-1.9171142578125,-0.3900146484375,0.01,0.01
-1.9061279296875,-0.3900146484375,0,0
-2.0489501953125,-0.3350830078125,0.01,0.01
-2.04345703125,-0.263671875,0,0.01
-1.9720458984375,-0.2197265625,0,0
-1.8841552734375,-0.087890625,0.01,0.01
-1.702880859375,0.087890625,0,0.01
-1.5875244140625,0.17578125,0,0.01
-1.3458251953125,0.0054931640625,0,0.01
-1.1865234375,0.1922607421875,0,0.01
