pitch,roll,forceLeft,forceRight
-2.6092529296875,0.5548095703125,24.3,9.21
-0.87890625,-0.3240966796875,23.4,10.1
-1.329345703125,-1.0491943359375,23.1,10.1
-1.373291015625,-1.153564453125,23.1,10.3
-1.593017578125,-1.0546875,23.1,10.3
-1.73583984375,-1.0107421875,22.9,10.6
-1.834716796875,-1.021728515625,22.9,10.6
-1.9171142578125,-0.98876953125,22.9,10.3
-2.010498046875,-0.9173583984375,22.9,10.6
-2.098388671875,-0.9228515625,22.7,10.6
