pitch,roll,forceLeft,forceRight
0.1922607421875,0.0054931640625,0.01,0.01
0.186767578125,0,0,0
0.1812744140625,-0.010986328125,0.01,0.01
0.252685546875,-0.0164794921875,0,0.01
0.4998779296875,-0.010986328125,0,0
0.692138671875,-0.010986328125,0.01,0.01
0.87890625,0.0274658203125,0,0.01
1.043701171875,0.0384521484375,0,0.01
1.2030029296875,-0.010986328125,0,0.01
1.329345703125,0.0054931640625,0,0.01
