pitch,roll,forceLeft,forceRight
-1.043701171875,0.4339599609375,12.4,20
-1.03271484375,0.52734375,12.8,19.3
-1.2744140625,0.63720703125,13,19.3
-1.47216796875,0.6646728515625,13,19.3
-1.7193603515625,0.626220703125,13,19.3
-1.900634765625,0.59326171875,13.3,19.3
-2.0819091796875,0.6207275390625,13.3,19.1
-2.2247314453125,0.63720703125,13.5,19.1
-2.362060546875,0.6207275390625,13.5,19.1
-2.4609375,0.59326171875,13.5,19.1
