pitch,roll,forceLeft,forceRight
10.5029296875,-1.9720458984375,63.2,7.21
7.3828125,-2.8839111328125,62.5,8.31
5.3887939453125,-3.3453369140625,62,8.51
4.5318603515625,-3.75732421875,62,8.81
3.8836669921875,-4.075927734375,61.8,8.81
3.076171875,-4.383544921875,61.8,9.01
2.691650390625,-4.59228515625,61.8,9.01
2.1807861328125,-4.8065185546875,62,9.01
1.7083740234375,-4.9658203125,61.8,9.01
1.1370849609375,-5.1031494140625,61.8,9.01
