pitch,roll,forceLeft,forceRight
-0.2252197265625,0.02197265625,0,0.01
-0.0494384765625,0.010986328125,0,0.01
0.087890625,0.0494384765625,0,0.01
0.208740234375,0.076904296875,0,0.01
0.340576171875,0.120849609375,0,0.01
0.5877685546875,0.10986328125,0,0.01
0.560302734375,0.1263427734375,0,0.01
0.5438232421875,0.15380859375,0,0.01
0.90087890625,0.1483154296875,0,0.01
1.0382080078125,0.1318359375,0,0.01
