pitch,roll,forceLeft,forceRight
7.833251953125,0.5218505859375,37.3,40.7
6.6192626953125,0.7470703125,37.5,40.2
5.712890625,0.8349609375,37.5,40
4.5977783203125,0.8734130859375,37.5,40
3.62548828125,0.911865234375,38,40
2.7850341796875,0.9173583984375,38,40
2.2027587890625,0.90087890625,37.8,39.8
1.7193603515625,0.889892578125,38,40
1.461181640625,0.867919921875,38,40
1.087646484375,0.8514404296875,38,39.8
0.76904296875,0.8184814453125,38,40
