pitch,roll,forceLeft,forceRight
6.932373046875,-0.472412109375,66.8,3.41
5.888671875,-1.9720458984375,66.1,4.01
4.9932861328125,-2.603759765625,65.6,4.31
3.9715576171875,-2.98828125,65.4,4.31
3.087158203125,-3.3233642578125,65.4,4.51
2.3675537109375,-3.570556640625,65.4,4.51
1.922607421875,-3.84521484375,65.4,4.71
1.417236328125,-4.0484619140625,65.4,4.51
1.153564453125,-4.21875,65.2,4.71
0.8294677734375,-4.3670654296875,65.4,4.71
0.648193359375,-4.493408203125,65.2,4.71
