pitch,roll,forceLeft,forceRight
-1.318359375,-4.833984375,66.8,3.41
-1.6259765625,-4.8944091796875,66.1,4.01
-1.900634765625,-4.910888671875,65.6,4.31
-2.164306640625,-4.74609375,65.4,4.31
-2.4224853515625,-4.68017578125,65.4,4.51
-2.8509521484375,-4.4659423828125,65.4,4.51
-3.09814453125,-4.2352294921875,65.4,4.71
-3.5540771484375,-3.9495849609375,65.4,4.51
-4.1802978515625,-3.592529296875,65.2,4.71
-5.020751953125,-3.3233642578125,65.4,4.71
-6.3226318359375,-2.8729248046875,65.2,4.71
