pitch,roll,forceLeft,forceRight
-1.56005859375,0.186767578125,37.3,40.7
-1.91162109375,0.208740234375,37.5,40.2
-2.274169921875,0.2197265625,37.5,40
-2.515869140625,0.19775390625,37.5,40
-2.8179931640625,0.208740234375,38,40
-3.2574462890625,0.1812744140625,38,40
-3.592529296875,0.1922607421875,37.8,39.8
-4.097900390625,0.1702880859375,38,40
-4.7955322265625,0.1593017578125,38,40
-5.6634521484375,0.0933837890625,38,39.8
-6.910400390625,-0.1922607421875,38,40
