pitch,roll,forceLeft,forceRight
-1.20849609375,-0.186767578125,0,0
-1.6534423828125,0.0714111328125,0,0
-1.680908203125,0.1922607421875,0,0
-1.6754150390625,0.274658203125,0,0
-1.6424560546875,0.3460693359375,0,0
-1.494140625,0.3680419921875,0,0
-1.3458251953125,0.3680419921875,0,0
-1.1590576171875,0.3955078125,0,0
-0.9393310546875,0.3955078125,0,0
-0.791015625,0.37353515625,0,0
-0.604248046875,0.3680419921875,0,0
