pitch,roll,forceLeft,forceRight
-2.0654296875,-1.5325927734375,0,0
-2.427978515625,0.362548828125,0,0
-2.032470703125,0.098876953125,0,0
0.4339599609375,-0.0274658203125,0,0
0.4449462890625,0.0054931640625,0,0
0.5657958984375,0.06591796875,0,0
0.8624267578125,0.1318359375,0,0
1.0052490234375,0.1922607421875,0,0
1.351318359375,0.1812744140625,0,0
1.197509765625,0.164794921875,0,0
0.9613037109375,0.1263427734375,0,0
