pitch,roll,forceLeft,forceRight
7.8057861328125,0.582275390625,37.8,40.5
6.7401123046875,0.758056640625,37.8,40
5.723876953125,0.8624267578125,38,40
4.6636962890625,0.889892578125,38,40
3.69140625,0.9283447265625,38.2,40
2.933349609375,0.9228515625,38,40
2.340087890625,0.911865234375,38.2,40
1.8402099609375,0.8953857421875,38.4,40
1.3897705078125,0.87890625,38.2,40
1.1041259765625,0.8624267578125,38.2,40
0.8624267578125,0.823974609375,38.2,39.8
