pitch,roll,forceLeft,forceRight
-1.021728515625,-0.2581787109375,0,0.01
-1.6259765625,0.0604248046875,-0.2,0
-1.5985107421875,0.19775390625,0,0.01
-1.64794921875,0.263671875,0,0
-1.636962890625,0.340576171875,-0.2,0
-1.5655517578125,0.3680419921875,-0.2,0.01
-1.3568115234375,0.384521484375,0,0
-1.142578125,0.3955078125,0,0.01
-0.933837890625,0.3955078125,-0.2,0.01
-0.780029296875,0.3955078125,-0.2,0
-0.6097412109375,0.362548828125,0,0
