pitch,roll,forceLeft,forceRight
-1.571044921875,0.2252197265625,37.8,40.5
-1.9281005859375,0.230712890625,37.8,40
-2.2906494140625,0.274658203125,38,40
-2.5323486328125,0.2197265625,38,40
-2.8289794921875,0.2032470703125,38.2,40
-3.2794189453125,0.252685546875,38,40
-3.614501953125,0.2032470703125,38.2,40
-4.1033935546875,0.1702880859375,38.4,40
-4.7406005859375,0.17578125,38.2,40
-5.7293701171875,0.0274658203125,38.2,40
-6.9049072265625,-0.1812744140625,38.2,39.8
