pitch,roll,forceLeft,forceRight
0.098876953125,-0.02197265625,0,0.01
0.2032470703125,0.0164794921875,-0.2,0
0.186767578125,0,0,0.01
0.3021240234375,0.0164794921875,0,0
0.4339599609375,0.0054931640625,-0.2,0
0.5548095703125,0.120849609375,-0.2,0.01
0.867919921875,0.142822265625,0,0
1.0107421875,0.252685546875,0,0.01
1.2579345703125,0.2032470703125,-0.2,0.01
1.1865234375,0.120849609375,-0.2,0
0.9722900390625,0.1153564453125,0,0
