pitch,roll,forceLeft,forceRight
-1.3458251953125,-4.7955322265625,66.8,3.41
-1.614990234375,-4.8944091796875,66.1,4.01
-1.845703125,-4.844970703125,65.4,4.31
-2.1148681640625,-4.7076416015625,65.6,4.51
-2.4169921875,-4.669189453125,65.4,4.51
-2.8564453125,-4.4384765625,65.4,4.51
-3.153076171875,-4.2022705078125,65.4,4.71
-3.58154296875,-3.93310546875,65.4,4.71
-4.185791015625,-3.6090087890625,65.2,4.91
-5.0372314453125,-3.306884765625,65.2,4.91
-6.2841796875,-2.933349609375,65,4.91
