pitch,roll,forceLeft,forceRight
7.0751953125,-0.4010009765625,66.8,3.41
6.1468505859375,-1.8951416015625,66.1,4.01
5.0701904296875,-2.581787109375,65.4,4.31
4.06494140625,-2.9443359375,65.6,4.51
3.2135009765625,-3.2904052734375,65.4,4.51
2.48291015625,-3.5430908203125,65.4,4.51
1.966552734375,-3.8067626953125,65.4,4.71
1.527099609375,-4.0155029296875,65.4,4.71
1.1920166015625,-4.1912841796875,65.2,4.91
0.90087890625,-4.361572265625,65.2,4.91
0.72509765625,-4.4659423828125,65,4.91
