pitch,roll,forceLeft,forceRight
-0.8514404296875,0.2471923828125,11.9,20
1.461181640625,0.10986328125,12.8,19.1
1.0986328125,0.362548828125,13,18.9
1.2908935546875,0.2362060546875,13.3,19.1
1.307373046875,0.28564453125,13.3,18.9
1.2799072265625,0.362548828125,13.3,18.4
-85.75927734375,-4.9713134765625,13.3,18.4
0,-0.0164794921875,13.3,18.6
1.087646484375,0.3570556640625,13,18.2
1.25244140625,0.3460693359375,13.7,19.3
