pitch,roll,forceLeft,forceRight
0.2032470703125,0.1593017578125,-0.2,0.01
0.2032470703125,0.1593017578125,0,-0.2
0.2032470703125,0.087890625,-0.2,0.01
0.32958984375,0.054931640625,0,-0.2
0.494384765625,0.098876953125,-0.2,0
0.384521484375,0.0823974609375,0,0.01
0.2142333984375,0.054931640625,-0.2,0
0.1483154296875,0.0274658203125,-0.2,0
0.8074951171875,0.0054931640625,0,0
0.8294677734375,-0.0274658203125,-0.2,0.01
