pitch,roll,forceLeft,forceRight
9.73388671875,0.4559326171875,53.7,42.7
8.800048828125,0.538330078125,52.8,42.9
7.657470703125,0.59326171875,52.4,43.2
6.6082763671875,0.6097412109375,52.1,43.2
5.361328125,0.582275390625,52.1,43.2
4.41650390625,0.5218505859375,51.9,43.2
3.460693359375,0.4669189453125,51.9,43.4
2.7960205078125,0.428466796875,51.9,43.4
2.2686767578125,0.384521484375,51.9,43.4
1.6973876953125,0.3460693359375,51.9,43.4
