pitch,roll,forceLeft,forceRight
9.063720703125,-0.4559326171875,75.7,5.41
7.80029296875,-2.0269775390625,75.3,6.31
6.756591796875,-2.4609375,74.8,6.51
5.625,-2.9718017578125,75.1,6.71
4.6087646484375,-3.3892822265625,74.6,6.71
3.6309814453125,-3.7078857421875,74.8,7.01
2.8729248046875,-4.010009765625,74.6,7.01
2.3455810546875,-4.3011474609375,74.8,7.21
1.8182373046875,-4.5428466796875,74.8,7.21
1.395263671875,-4.7076416015625,74.6,7.21
