pitch,roll,forceLeft,forceRight
0.1483154296875,-0.02197265625,0.01,0.01
0.142822265625,-0.010986328125,0.01,0.01
0.2362060546875,-0.0054931640625,0,0
0.2801513671875,0.0439453125,0.01,0
0.450439453125,0.010986328125,0.01,0.01
0.494384765625,0.06591796875,0.01,0.01
0.7086181640625,0.098876953125,0.01,0.01
0.9832763671875,0.1593017578125,0.01,0.01
1.1151123046875,0.2197265625,0.01,0.01
1.29638671875,0.186767578125,0.01,0.01
