pitch,roll,forceLeft,forceRight
-1.0107421875,-0.24169921875,0.01,0.01
-1.4666748046875,0.0274658203125,0.01,0.01
-1.5435791015625,0.186767578125,0,0
-1.527099609375,0.2801513671875,0.01,0
-1.527099609375,0.32958984375,0.01,0.01
-1.593017578125,0.3790283203125,0.01,0.01
-1.40625,0.4119873046875,0.01,0.01
-1.25244140625,0.3790283203125,0.01,0.01
-0.999755859375,0.3900146484375,0.01,0.01
-0.889892578125,0.3790283203125,0.01,0.01
