pitch,roll,forceLeft,forceRight
-1.3897705078125,-5.4656982421875,75.7,5.41
-1.7852783203125,-5.5426025390625,75.3,6.31
-2.1038818359375,-5.537109375,74.8,6.51
-2.493896484375,-5.361328125,75.1,6.71
-2.735595703125,-5.306396484375,74.6,6.71
-3.251953125,-5.1470947265625,74.8,7.01
-3.680419921875,-4.9053955078125,74.6,7.01
-4.0814208984375,-4.63623046875,74.8,7.21
-4.844970703125,-4.306640625,74.8,7.21
-5.6964111328125,-3.922119140625,74.6,7.21
