pitch,roll,forceLeft,forceRight
-1.5765380859375,-0.318603515625,53.7,42.7
-1.9830322265625,-0.296630859375,52.8,42.9
-2.4169921875,-0.37353515625,52.4,43.2
-2.845458984375,-0.3955078125,52.1,43.2
-3.1695556640625,-0.4010009765625,52.1,43.2
-3.702392578125,-0.2911376953125,51.9,43.2
-4.185791015625,-0.2911376953125,51.9,43.4
-4.6746826171875,-0.252685546875,51.9,43.4
-5.5096435546875,-0.208740234375,51.9,43.4
-6.3885498046875,-0.2197265625,51.9,43.4
