pitch,roll,forceLeft,forceRight
0.3790283203125,-0.1373291015625,0,0
0.384521484375,-0.1373291015625,0,0.01
0.098876953125,-0.24169921875,0,0.01
0.1922607421875,-0.2362060546875,0,0
0.2471923828125,-0.274658203125,0,0
0.263671875,-0.28564453125,-0.2,0
0.24169921875,-0.428466796875,0,0.01
0.76904296875,-0.494384765625,0,0.01
0.8074951171875,-0.4888916015625,0,0.01
0.87890625,-0.4833984375,0,0
