pitch,roll,forceLeft,forceRight
-0.7415771484375,0.1263427734375,32.1,42
9.371337890625,0.7196044921875,35.5,43.6
7.5640869140625,0.5767822265625,35.7,43.8
6.5478515625,0.5548095703125,35.7,43.8
5.6744384765625,0.5657958984375,36,43.6
4.9713134765625,0.6097412109375,36,43.6
3.944091796875,0.6646728515625,36.2,43.6
3.1640625,0.5438232421875,36.2,43.4
2.8399658203125,0.4998779296875,36.2,43.6
2.4609375,0.5328369140625,36.2,43.6
