pitch,roll,forceLeft,forceRight
2.208251953125,0.538330078125,59.3,15.3
8.9813232421875,0.3021240234375,58,16.6
7.0806884765625,-1.40625,57.8,17.1
5.723876953125,-2.3126220703125,57.8,17.3
4.954833984375,-2.559814453125,57.5,17.5
4.4769287109375,-2.713623046875,57.5,17.7
3.3673095703125,-2.8948974609375,57.3,17.5
2.6531982421875,-3.0706787109375,57.1,17.5
2.493896484375,-3.2080078125,57.1,17.5
-33.0303955078125,-3.9935302734375,57.1,17.7
