pitch,roll,forceLeft,forceRight
-1.4447021484375,0.0164794921875,32.1,42
-1.4447021484375,0.010986328125,35.5,43.6
-2.1258544921875,0.1593017578125,35.7,43.8
-2.6422119140625,0.274658203125,35.7,43.8
-2.955322265625,0.2471923828125,36,43.6
-3.33984375,0.3131103515625,36,43.6
-3.8067626953125,0.2362060546875,36.2,43.6
-4.163818359375,0.230712890625,36.2,43.4
-4.647216796875,0.3021240234375,36.2,43.6
-5.6414794921875,0.41748046875,36.2,43.6
