pitch,roll,forceLeft,forceRight
10.184326171875,0.72509765625,38,35.5
8.316650390625,0.736083984375,37.1,36
6.8829345703125,0.72509765625,36.9,36
5.592041015625,0.758056640625,36.9,36
4.7296142578125,0.802001953125,36.6,36.2
3.8397216796875,0.8404541015625,36.6,36.2
3.350830078125,0.8404541015625,36.6,36.4
2.9498291015625,0.8294677734375,36.6,36.4
2.515869140625,0.7965087890625,36.4,36.2
2.0654296875,0.7196044921875,36.4,36.4
1.658935546875,0.6207275390625,36.4,36.4
