pitch,roll,forceLeft,forceRight
1.219482421875,0.8074951171875,-0.2,0.01
0.384521484375,0.802001953125,0,0
-0.2581787109375,0.8184814453125,-0.2,0.01
-0.703125,0.845947265625,0,0
-0.7470703125,0.9063720703125,-0.2,0.01
-0.9722900390625,0.94482421875,-0.2,0.01
-0.889892578125,0.977783203125,0,0
-0.758056640625,0.9393310546875,-0.2,0.01
-0.6646728515625,0.889892578125,-0.2,0.01
-0.63720703125,0.7855224609375,0,0.01
-0.5712890625,0.703125,-0.2,0
