pitch,roll,forceLeft,forceRight
9.4921875,-0.1702880859375,58.4,8.51
7.635498046875,-2.17529296875,57.8,9.41
5.9765625,-2.8729248046875,57.5,9.41
4.8614501953125,-3.218994140625,57.3,9.71
4.0869140625,-3.53759765625,57.1,9.91
3.27392578125,-3.746337890625,57.3,9.91
2.8619384765625,-3.9385986328125,57.1,9.91
2.48291015625,-4.141845703125,57.1,9.91
2.2027587890625,-4.3011474609375,56.9,9.91
1.8511962890625,-4.4989013671875,56.9,10.1
1.4227294921875,-4.6746826171875,56.9,10.1
