pitch,roll,forceLeft,forceRight
-1.25244140625,-5.592041015625,58.4,8.51
-1.6534423828125,-5.7293701171875,57.8,9.41
-1.9720458984375,-5.6854248046875,57.5,9.41
-2.274169921875,-5.6304931640625,57.3,9.71
-2.57080078125,-5.51513671875,57.1,9.91
-2.8619384765625,-5.438232421875,57.3,9.91
-3.3563232421875,-5.3118896484375,57.1,9.91
-3.9990234375,-5.1361083984375,57.1,9.91
-4.54833984375,-4.9053955078125,56.9,9.91
-4.6856689453125,-4.5428466796875,56.9,10.1
-4.735107421875,-4.130859375,56.9,10.1
