pitch,roll,forceLeft,forceRight
-1.5216064453125,-0.230712890625,38,35.5
-1.8896484375,-0.296630859375,37.1,36
-2.2576904296875,-0.3240966796875,36.9,36
-2.625732421875,-0.3570556640625,36.9,36
-2.9443359375,-0.3570556640625,36.6,36.2
-3.3013916015625,-0.3955078125,36.6,36.2
-3.812255859375,-0.41748046875,36.6,36.4
-4.46044921875,-0.406494140625,36.6,36.4
-4.5098876953125,-0.406494140625,36.4,36.2
-4.46044921875,-0.4229736328125,36.4,36.4
-4.2681884765625,-0.5218505859375,36.4,36.4
