pitch,roll,forceLeft,forceRight
-0.0054931640625,-0.06591796875,-0.2,0.01
0.032958984375,-0.0494384765625,0,0
0.1043701171875,-0.0714111328125,-0.2,0.01
0.1373291015625,-0.098876953125,0,0
0.3460693359375,-0.1043701171875,-0.2,0.01
0.4449462890625,-0.1153564453125,-0.2,0.01
0.52734375,-0.1153564453125,0,0
0.516357421875,-0.098876953125,-0.2,0.01
0.3350830078125,-0.10986328125,-0.2,0.01
-0.0164794921875,-0.142822265625,0,0.01
-0.6756591796875,-0.2581787109375,-0.2,0
