pitch,roll,forceLeft,forceRight
-0.604248046875,0.3515625,-0.2,0.01
-0.5108642578125,0.3570556640625,-0.2,0.01
-0.472412109375,0.3515625,-0.2,0.01
-0.3570556640625,0.3460693359375,-0.2,0.01
-0.208740234375,0.384521484375,-0.2,0.21
-0.06591796875,0.384521484375,-0.2,0
0.0494384765625,0.384521484375,-0.2,0
0.164794921875,0.3790283203125,-0.2,0.01
0.252685546875,0.37353515625,-0.2,0.01
0.3131103515625,0.3021240234375,-0.2,0.01
0.3131103515625,0.3021240234375,-0.2,0
