pitch,roll,forceLeft,forceRight
6.470947265625,0.4339599609375,13.9,21.1
6.416015625,0.450439453125,14.2,20.7
6.3336181640625,0.4833984375,14.4,20.7
6.2567138671875,0.4833984375,14.4,20.4
5.9490966796875,0.4998779296875,14.6,20.7
5.6744384765625,0.5218505859375,14.6,20.4
5.4217529296875,0.516357421875,14.6,20.4
4.921875,0.54931640625,14.6,20.4
4.5098876953125,0.54931640625,14.6,20.4
3.9166259765625,0.5438232421875,14.8,20.4
3.2354736328125,0.560302734375,14.8,20.2
