pitch,roll,forceLeft,forceRight
5.7568359375,0.0274658203125,27.2,8.11
5.592041015625,-0.098876953125,26.5,9.01
5.416259765625,-0.2032470703125,26.3,9.01
5.3009033203125,-0.296630859375,26.3,9.01
5.174560546875,-0.4119873046875,26.1,9.01
4.9713134765625,-0.5328369140625,26.1,9.21
4.81201171875,-0.5877685546875,26.1,9.21
4.4329833984375,-0.703125,26.1,9.71
3.8946533203125,-0.8734130859375,25.8,9.71
3.504638671875,-0.9722900390625,25.8,9.91
2.900390625,-1.0821533203125,25.6,10.1
