pitch,roll,forceLeft,forceRight
-3.2135009765625,-1.5325927734375,27.2,8.11
-3.7518310546875,-1.549072265625,26.5,9.01
-4.28466796875,-1.4501953125,26.3,9.01
-4.74609375,-1.329345703125,26.3,9.01
-5.1031494140625,-1.2030029296875,26.1,9.01
-5.3448486328125,-1.0986328125,26.1,9.21
-5.4986572265625,-1.065673828125,26.1,9.21
-5.4986572265625,-0.9063720703125,26.1,9.71
-5.4766845703125,-0.845947265625,25.8,9.71
-5.47119140625,-0.802001953125,25.8,9.91
-5.306396484375,-0.758056640625,25.6,10.1
