pitch,roll,forceLeft,forceRight
-3.49365234375,0.032958984375,13.9,21.1
-4.2022705078125,0.02197265625,14.2,20.7
-4.72412109375,0.0054931640625,14.4,20.7
-5.2020263671875,0,14.4,20.4
-5.570068359375,-0.02197265625,14.6,20.7
-5.9271240234375,-0.0494384765625,14.6,20.4
-6.119384765625,-0.0823974609375,14.6,20.4
-6.185302734375,-0.142822265625,14.6,20.4
-6.2017822265625,-0.1812744140625,14.6,20.4
-6.119384765625,-0.24169921875,14.8,20.4
-5.965576171875,-0.3076171875,14.8,20.2
