pitch,roll,forceLeft,forceRight
-0.406494140625,-0.1043701171875,-0.2,0.01
-0.3790283203125,-0.087890625,-0.2,0.01
-0.428466796875,-0.087890625,-0.2,0.01
-0.3955078125,-0.1043701171875,-0.2,0.01
-0.32958984375,-0.10986328125,-0.2,0.21
-0.252685546875,-0.120849609375,-0.2,0
-0.142822265625,-0.1318359375,-0.2,0
-0.0274658203125,-0.1483154296875,-0.2,0.01
0.076904296875,-0.164794921875,-0.2,0.01
0.2032470703125,-0.1812744140625,-0.2,0.01
0.3021240234375,-0.208740234375,-0.2,0
