pitch,roll,forceLeft,forceRight
-2.4664306640625,-5.4931640625,60.9,13.5
-2.867431640625,-5.438232421875,60,14.6
-3.1256103515625,-5.328369140625,59.8,15.3
-3.3837890625,-5.2239990234375,59.3,15.3
-3.724365234375,-5.07568359375,59.3,15.5
-4.097900390625,-4.9053955078125,59.3,15.5
-4.6307373046875,-4.6966552734375,59.3,15.5
-5.1800537109375,-4.4989013671875,59.1,15.7
-5.460205078125,-4.163818359375,59.1,15.7
-5.987548828125,-3.80126953125,59.1,16
-6.6961669921875,-3.328857421875,59.1,16
