pitch,roll,forceLeft,forceRight
10.865478515625,0.010986328125,38,49
8.624267578125,-0.0164794921875,37.1,49.4
6.6192626953125,0.010986328125,36.9,49.4
5.6414794921875,0,36.6,49.7
4.713134765625,0.0164794921875,36.6,49.4
3.8507080078125,0.0439453125,36.6,49.7
3.2464599609375,0.0439453125,36.4,49.7
2.7301025390625,0.0494384765625,36.4,49.7
2.076416015625,0.0384521484375,36.4,49.7
1.549072265625,0.0494384765625,36.4,49.9
0.889892578125,0.06591796875,36.4,49.9
