pitch,roll,forceLeft,forceRight
-2.7520751953125,-0.230712890625,38,49
-3.1805419921875,-0.2911376953125,37.1,49.4
-3.526611328125,-0.2911376953125,36.9,49.4
-3.922119140625,-0.3076171875,36.6,49.7
-4.339599609375,-0.3131103515625,36.6,49.4
-4.81201171875,-0.3131103515625,36.6,49.7
-5.4052734375,-0.3350830078125,36.4,49.7
-6.0919189453125,-0.3515625,36.4,49.7
-6.43798828125,-0.3790283203125,36.4,49.7
-7.086181640625,-0.3955078125,36.4,49.9
-7.8826904296875,-0.46142578125,36.4,49.9
