pitch,roll,forceLeft,forceRight
10.2337646484375,-0.823974609375,60.9,13.5
7.646484375,-2.7630615234375,60,14.6
5.3009033203125,-3.372802734375,59.8,15.3
4.603271484375,-3.724365234375,59.3,15.3
3.80126953125,-4.0594482421875,59.3,15.5
3.01025390625,-4.3231201171875,59.3,15.5
2.4993896484375,-4.537353515625,59.3,15.5
2.0599365234375,-4.7296142578125,59.1,15.7
1.4007568359375,-4.8834228515625,59.1,15.7
0.85693359375,-4.98779296875,59.1,16
0.3680419921875,-5.064697265625,59.1,16
