pitch,roll,forceLeft,forceRight
2.4224853515625,0.252685546875,0,0
0.6976318359375,0.2142333984375,0,0.01
-0.5877685546875,0.2362060546875,-0.2,0
-0.6427001953125,0.24169921875,0,0
-0.7855224609375,0.24169921875,-0.2,0
-0.8404541015625,0.2581787109375,-0.2,0
-0.7745361328125,0.263671875,-0.2,0
-0.780029296875,0.296630859375,-0.2,0
-0.867919921875,0.296630859375,0,0.01
-0.8734130859375,0.318603515625,-0.2,0.01
-0.999755859375,0.3570556640625,-0.2,0.01
