pitch,roll,forceLeft,forceRight
-0.6756591796875,0.120849609375,0,0
-0.6207275390625,0.142822265625,0,0.01
-0.538330078125,0.17578125,-0.2,0
-0.472412109375,0.230712890625,0,0
-0.428466796875,0.252685546875,-0.2,0
-0.37353515625,0.263671875,-0.2,0
-0.516357421875,0.2252197265625,-0.2,0
-0.5657958984375,0.2691650390625,-0.2,0
-0.32958984375,0.274658203125,0,0.01
-0.3955078125,0.252685546875,-0.2,0.01
-0.340576171875,0.17578125,-0.2,0.01
