pitch,roll,forceLeft,forceRight
-2.109375,0.2142333984375,13.5,19.3
-2.581787109375,0.50537109375,14.2,19.1
-2.9718017578125,0.4229736328125,14.2,19.1
-3.350830078125,0.52734375,14.4,19.1
-3.6474609375,0.4339599609375,14.4,19.1
-3.9166259765625,0.4119873046875,14.4,18.9
-4.39453125,0.3900146484375,14.4,18.9
-4.6087646484375,0.3131103515625,14.4,18.9
-4.76806640625,0.3350830078125,14.4,19.1
-4.8779296875,0.296630859375,14.4,19.1
-4.98779296875,0.24169921875,14.6,18.9
