pitch,roll,forceLeft,forceRight
4.9383544921875,0.362548828125,13.5,19.3
4.844970703125,0.81298828125,14.2,19.1
4.7515869140625,0.7415771484375,14.2,19.1
4.5208740234375,0.72509765625,14.4,19.1
4.2901611328125,0.7525634765625,14.4,19.1
4.0594482421875,0.7470703125,14.4,18.9
3.856201171875,0.7855224609375,14.4,18.9
3.49365234375,0.7745361328125,14.4,18.9
3.1256103515625,0.7525634765625,14.4,19.1
2.7685546875,0.736083984375,14.4,19.1
2.3236083984375,0.76904296875,14.6,18.9
