pitch,roll,forceLeft,forceRight
0.2032470703125,-0.098876953125,0,0.01
0.340576171875,-0.1043701171875,-0.2,0
0.4559326171875,0.0164794921875,0,0
0.63720703125,0.02197265625,0,0.01
0.8404541015625,0.010986328125,-0.2,0.01
1.0546875,0,0,0
1.3018798828125,-0.0439453125,0,0.01
1.439208984375,-0.06591796875,-0.2,0.01
1.5655517578125,-0.06591796875,-0.2,0.01
1.702880859375,-0.010986328125,-0.2,0
1.790771484375,-0.087890625,-0.2,0.01
