pitch,roll,forceLeft,forceRight
-1.8731689453125,-0.0604248046875,0,0.01
-1.812744140625,-0.1043701171875,-0.2,0
-1.834716796875,0.098876953125,0,0
-1.7523193359375,0.0494384765625,0,0.01
-1.658935546875,0.0714111328125,-0.2,0.01
-1.5106201171875,-0.0054931640625,0,0
-1.3458251953125,0.1318359375,0,0.01
-1.2469482421875,0.1483154296875,-0.2,0.01
-1.07666015625,0.186767578125,-0.2,0.01
-0.9173583984375,0.186767578125,-0.2,0
-0.7525634765625,0.1922607421875,-0.2,0.01
