pitch,roll,forceLeft,forceRight
-1.9281005859375,-4.306640625,24.7,9.01
-2.3291015625,-4.405517578125,22.5,10.3
-2.74658203125,-2.8948974609375,22.5,10.3
-2.911376953125,-4.119873046875,22.5,10.3
-3.1146240234375,-4.24072265625,22.5,10.1
-3.3123779296875,-4.0814208984375,22.2,10.3
-3.4552001953125,-4.031982421875,22.2,10.6
-3.5540771484375,-4.1253662109375,22.2,10.3
-3.6474609375,-4.0869140625,22.2,10.6
-3.746337890625,-4.010009765625,22,10.6
-3.8067626953125,-4.0045166015625,22,10.3
