pitch,roll,forceLeft,forceRight
3.955078125,-2.1917724609375,24.7,9.01
3.7353515625,-3.8671875,22.5,10.3
3.9715576171875,-2.0819091796875,22.5,10.3
3.4552001953125,-3.4332275390625,22.5,10.3
3.3233642578125,-4.317626953125,22.5,10.1
3.1640625,-4.0869140625,22.2,10.3
2.9388427734375,-3.966064453125,22.2,10.6
2.691650390625,-4.1693115234375,22.2,10.3
2.427978515625,-4.130859375,22.2,10.6
2.0819091796875,-4.1912841796875,22,10.6
1.7523193359375,-4.4439697265625,22,10.3
