pitch,roll,forceLeft,forceRight
-3.2684326171875,-0.10986328125,19.8,16.8
-3.768310546875,-0.1593017578125,19.1,17.1
-4.28466796875,-0.1702880859375,18.9,17.1
-4.735107421875,-0.1702880859375,18.9,17.3
-5.152587890625,-0.1593017578125,18.9,17.3
-5.42724609375,-0.1812744140625,18.6,17.3
-5.5645751953125,-0.2142333984375,18.6,17.3
-5.6524658203125,-0.2362060546875,18.6,17.3
-5.64697265625,-0.252685546875,18.6,17.3
-5.5535888671875,-0.3515625,18.6,17.3
-5.416259765625,-0.32958984375,18.4,17.5
