pitch,roll,forceLeft,forceRight
-0.406494140625,-0.0823974609375,-0.2,0
-0.494384765625,-0.087890625,-0.2,0
-0.4779052734375,-0.1043701171875,-0.2,0
-0.428466796875,-0.10986328125,-0.2,0
-0.362548828125,-0.10986328125,-0.2,0
-0.2471923828125,-0.1263427734375,-0.2,0
-0.15380859375,-0.1593017578125,-0.2,0
-0.0439453125,-0.15380859375,-0.2,0
0.087890625,-0.17578125,-0.2,0
0.2032470703125,-0.1922607421875,-0.2,0
0.3076171875,-0.208740234375,-0.2,0
