pitch,roll,forceLeft,forceRight
5.0537109375,-0.1263427734375,28.8,6.71
4.779052734375,-0.3515625,28.1,7.41
4.76806640625,-0.4833984375,27.9,7.61
4.7900390625,-0.582275390625,27.9,7.61
4.5977783203125,-0.7745361328125,27.6,7.91
4.4439697265625,-0.9283447265625,27.6,7.91
4.2462158203125,-1.03271484375,27.4,8.11
4.0045166015625,-1.20849609375,27.4,8.11
3.460693359375,-1.395263671875,27.4,8.31
3.0487060546875,-1.51611328125,27.4,8.31
2.5048828125,-1.669921875,27.4,8.51
