pitch,roll,forceLeft,forceRight
5.8831787109375,0.406494140625,19.8,16.8
5.723876953125,0.32958984375,19.1,17.1
5.6414794921875,0.340576171875,18.9,17.1
5.5206298828125,0.3515625,18.9,17.3
5.372314453125,0.37353515625,18.9,17.3
5.16357421875,0.362548828125,18.6,17.3
4.8944091796875,0.3570556640625,18.6,17.3
4.4989013671875,0.3570556640625,18.6,17.3
4.0484619140625,0.3515625,18.6,17.3
3.526611328125,0.318603515625,18.6,17.3
2.900390625,0.3021240234375,18.4,17.5
