pitch,roll,forceLeft,forceRight
-0.648193359375,0.41748046875,-0.2,0
-0.626220703125,0.41748046875,-0.2,0
-0.50537109375,0.384521484375,-0.2,0
-0.362548828125,0.41748046875,-0.2,0
-0.186767578125,0.4229736328125,-0.2,0
-0.0439453125,0.4119873046875,-0.2,0
0.0823974609375,0.41748046875,-0.2,0
0.186767578125,0.4119873046875,-0.2,0
0.274658203125,0.4119873046875,-0.2,0
0.340576171875,0.340576171875,-0.2,0
0.32958984375,0.3131103515625,-0.2,0
