pitch,roll,forceLeft,forceRight
-2.9278564453125,-2.1038818359375,28.8,6.71
-3.4991455078125,-2.0379638671875,28.1,7.41
-3.966064453125,-1.8841552734375,27.9,7.61
-4.3505859375,-1.7303466796875,27.9,7.61
-4.658203125,-1.5765380859375,27.6,7.91
-4.8394775390625,-1.417236328125,27.6,7.91
-4.954833984375,-1.2744140625,27.4,8.11
-5.0152587890625,-1.1590576171875,27.4,8.11
-4.98779296875,-1.021728515625,27.4,8.31
-4.8724365234375,-0.9228515625,27.4,8.31
-4.76806640625,-0.7525634765625,27.4,8.51
