pitch,roll,forceLeft,forceRight
-1.307373046875,-0.1153564453125,0,0
-1.307373046875,-0.1153564453125,0,0.01
-2.1148681640625,-0.054931640625,0,0.01
-1.91162109375,0.010986328125,0,0
-1.636962890625,0.076904296875,0,0
-1.2744140625,0.1373291015625,-0.2,0
-1.417236328125,0.1483154296875,0,0.01
-1.3897705078125,0.10986328125,0,0.01
-1.1590576171875,0.076904296875,0,0.01
-0.955810546875,0.0823974609375,0,0
