pitch,roll,forceLeft,forceRight
-6.5093994140625,0.5218505859375,59.3,15.3
-1.7303466796875,-3.4771728515625,58,16.6
-2.4114990234375,-3.5760498046875,57.8,17.1
-2.8125,-3.526611328125,57.8,17.3
-3.0926513671875,-3.394775390625,57.5,17.5
-3.4112548828125,-3.22998046875,57.5,17.7
-3.9385986328125,-3.1805419921875,57.3,17.5
-4.2022705078125,-3.0267333984375,57.1,17.5
-4.669189453125,-2.757568359375,57.1,17.5
-5.4437255859375,-2.4664306640625,57.1,17.7
