pitch,roll,forceLeft,forceRight
-0.977783203125,-0.1483154296875,-0.2,0.01
-1.51611328125,0.10986328125,0.01,0.01
-1.5655517578125,0.19775390625,0,0.01
-1.5655517578125,0.252685546875,-0.2,0.01
-1.549072265625,0.3076171875,0,0.01
-1.5216064453125,0.318603515625,0,0
-1.3018798828125,0.318603515625,-0.2,0.01
-1.12060546875,0.3350830078125,0,0.01
-0.9173583984375,0.3240966796875,0,0.01
-0.7745361328125,0.3350830078125,0,0.01
-0.604248046875,0.3021240234375,-0.2,0.01
