pitch,roll,forceLeft,forceRight
7.855224609375,-0.5767822265625,73.3,3.41
6.7950439453125,-2.2796630859375,72.6,4.31
5.7623291015625,-2.7191162109375,72.4,4.51
4.7076416015625,-3.1585693359375,72.2,4.51
3.636474609375,-3.5321044921875,71.9,4.71
2.955322265625,-3.84521484375,71.9,4.71
2.208251953125,-4.130859375,71.9,4.71
1.7193603515625,-4.3505859375,71.9,4.91
1.4007568359375,-4.5318603515625,71.9,5.21
1.0711669921875,-4.74609375,71.9,5.21
0.867919921875,-4.7625732421875,71.7,5.21
