pitch,roll,forceLeft,forceRight
8.756103515625,0.5767822265625,50.1,38.9
7.62451171875,1.3677978515625,48.8,38.9
6.5478515625,0.6427001953125,48.5,39.1
5.416259765625,0.63720703125,48.5,39.1
4.3341064453125,0.6591796875,48.5,39.1
3.3673095703125,0.538330078125,48.3,39.3
2.801513671875,0.68115234375,48.3,39.1
2.230224609375,0.494384765625,48.1,39.1
1.6644287109375,0.3955078125,48.1,39.3
1.351318359375,0.439453125,48.1,39.3
1.0601806640625,0.37353515625,48.1,39.1
