pitch,roll,forceLeft,forceRight
-1.51611328125,-5.3448486328125,73.3,3.41
-1.8402099609375,-5.4217529296875,72.6,4.31
-2.21923828125,-5.4052734375,72.4,4.51
-2.449951171875,-5.284423828125,72.2,4.51
-2.7630615234375,-5.1031494140625,71.9,4.71
-3.27392578125,-4.9163818359375,71.9,4.71
-3.6474609375,-4.6417236328125,71.9,4.71
-4.1253662109375,-4.383544921875,71.9,4.91
-4.8834228515625,-3.9825439453125,71.9,5.21
-5.8062744140625,-3.680419921875,71.9,5.21
-7.20703125,-3.2080078125,71.7,5.21
