pitch,roll,forceLeft,forceRight
-1.7962646484375,-0.17578125,50.1,38.9
-2.0489501953125,-0.2197265625,48.8,38.9
-2.52685546875,-0.28564453125,48.5,39.1
-2.823486328125,-0.274658203125,48.5,39.1
-3.175048828125,-0.32958984375,48.5,39.1
-3.66943359375,-0.2197265625,48.3,39.3
-4.097900390625,-0.24169921875,48.3,39.1
-4.669189453125,-0.2197265625,48.1,39.1
-5.4656982421875,-0.19775390625,48.1,39.3
-6.4984130859375,-0.2581787109375,48.1,39.3
-7.8662109375,-0.41748046875,48.1,39.1
