pitch,roll,forceLeft,forceRight
0.164794921875,0,-0.2,0.01
0.1593017578125,0.010986328125,0.01,0.01
0.1922607421875,0.0274658203125,0,0.01
0.37353515625,0.0054931640625,-0.2,0.01
0.4559326171875,0.0054931640625,0,0.01
0.5767822265625,0.0604248046875,0,0
0.85693359375,0.1263427734375,-0.2,0.01
1.021728515625,0.2032470703125,0,0.01
1.2579345703125,0.2032470703125,0,0.01
1.197509765625,0.1153564453125,0,0.01
1.0491943359375,0.087890625,-0.2,0.01
