pitch,roll,forceLeft,forceRight
1.4666748046875,0.4010009765625,64.5,5.61
9.99755859375,-0.4010009765625,63.8,6.51
7.3114013671875,-2.43896484375,63.4,6.71
5.3228759765625,-2.9278564453125,63.4,6.71
4.405517578125,-3.3343505859375,63.4,7.01
3.746337890625,-3.680419921875,63.2,7.01
3.0047607421875,-3.988037109375,63.4,7.01
2.537841796875,-4.2242431640625,63.4,7.01
2.0709228515625,-4.053955078125,63.2,7.21
1.6094970703125,-4.449462890625,63.2,7.21
