pitch,roll,forceLeft,forceRight
0.7305908203125,-0.1593017578125,-0.2,0.01
0.7305908203125,-0.1593017578125,0,0
-0.780029296875,-0.1812744140625,-0.2,0
-1.834716796875,-0.1263427734375,-0.2,0.01
-1.8511962890625,-0.076904296875,-0.2,0
-1.7633056640625,-0.087890625,-0.2,0.01
-1.658935546875,-0.0384521484375,-0.2,0.01
-1.4447021484375,0.010986328125,-0.2,0
-1.351318359375,0.0164794921875,-0.2,0
-1.2744140625,-0.0054931640625,-0.2,0.01
