pitch,roll,forceLeft,forceRight
5.943603515625,0.230712890625,40.5,0.01
5.8172607421875,0.15380859375,40.2,0
5.7403564453125,0.1318359375,40.2,0
5.625,0.06591796875,40.5,0.01
5.47119140625,0,40.5,0
5.2679443359375,-0.0494384765625,40.5,0.01
4.9273681640625,-0.087890625,40.5,0
4.3670654296875,-0.68115234375,22.7,12.6
3.8232421875,-0.8843994140625,22.9,12.8
3.3123779296875,-1.0052490234375,22.9,12.8
2.8179931640625,-1.07666015625,22.9,12.8
