pitch,roll,forceLeft,forceRight
6.4434814453125,0.4229736328125,13,21.8
6.317138671875,0.450439453125,13.3,21.1
6.26220703125,0.4449462890625,13.5,21.3
6.119384765625,0.46142578125,13.5,21.3
5.965576171875,0.472412109375,13.7,21.3
5.6195068359375,0.472412109375,13.7,21.3
5.372314453125,0.4833984375,13.7,21.6
4.9713134765625,0.4449462890625,13.7,21.3
4.4439697265625,0.450439453125,13.7,21.3
3.856201171875,0.4779052734375,13.7,21.3
3.1585693359375,0.538330078125,13.7,21.3
