pitch,roll,forceLeft,forceRight
-3.460693359375,0.054931640625,13,21.8
-4.2022705078125,0.076904296875,13.3,21.1
-4.7845458984375,0.010986328125,13.5,21.3
-5.2679443359375,0,13.5,21.3
-5.635986328125,-0.1318359375,13.7,21.3
-5.899658203125,-0.1153564453125,13.7,21.3
-6.0919189453125,-0.17578125,13.7,21.6
-6.1688232421875,-0.186767578125,13.7,21.3
-6.1468505859375,-0.2252197265625,13.7,21.3
-6.08642578125,-0.252685546875,13.7,21.3
-5.9271240234375,-0.3240966796875,13.7,21.3
