pitch,roll,forceLeft,forceRight
-0.6427001953125,0.3350830078125,0,0
-0.516357421875,0.3515625,-0.2,0.01
-0.4888916015625,0.3570556640625,0,0
-0.2801513671875,0.3515625,-0.2,0.01
-0.164794921875,0.4010009765625,0,0.01
-0.0714111328125,0.3900146484375,-0.2,0.01
0.0604248046875,0.3900146484375,0,0
0.1922607421875,0.37353515625,-0.2,0
0.274658203125,0.3790283203125,-0.2,0.01
0.318603515625,0.3570556640625,-0.2,0.01
0.3131103515625,0.3680419921875,-0.2,0
