pitch,roll,forceLeft,forceRight
-3.33984375,-0.736083984375,40.5,0.01
-3.9111328125,-0.7525634765625,40.2,0
-4.4384765625,-0.736083984375,40.2,0
-4.866943359375,-0.7086181640625,40.5,0.01
-5.2349853515625,-0.6591796875,40.5,0
-5.504150390625,-0.6317138671875,40.5,0.01
-5.6689453125,-0.59326171875,40.5,0
-5.504150390625,-0.9283447265625,22.7,12.6
-5.4986572265625,-0.8624267578125,22.9,12.8
-5.44921875,-0.7635498046875,22.9,12.8
-5.29541015625,-0.670166015625,22.9,12.8
