pitch,roll,forceLeft,forceRight
-0.3021240234375,-0.06591796875,0,0
-0.4339599609375,-0.0604248046875,-0.2,0.01
-0.472412109375,-0.06591796875,0,0
-0.4669189453125,-0.0823974609375,-0.2,0.01
-0.428466796875,-0.0714111328125,0,0.01
-0.362548828125,-0.0933837890625,-0.2,0.01
-0.28564453125,-0.10986328125,0,0
-0.1702880859375,-0.1318359375,-0.2,0
-0.098876953125,-0.1318359375,-0.2,0.01
0.06591796875,-0.17578125,-0.2,0.01
0.1922607421875,-0.1702880859375,-0.2,0
