pitch,roll,forceLeft,forceRight
7.9541015625,0.0274658203125,88.1,0
6.4215087890625,-2.48291015625,66.5,6.51
5.47119140625,-2.9058837890625,66.8,6.51
4.4769287109375,-3.40576171875,66.5,6.51
3.4332275390625,-3.8067626953125,66.5,6.71
2.7301025390625,-4.1143798828125,66.5,6.51
2.1588134765625,-4.4110107421875,66.8,6.71
1.7083740234375,-4.625244140625,66.8,6.71
1.329345703125,-4.8284912109375,66.8,7.01
1.03271484375,-5.0042724609375,66.8,6.71
0.823974609375,-5.1470947265625,66.8,6.71
