pitch,roll,forceLeft,forceRight
-1.6644287109375,-0.2911376953125,49.2,34.8
-2.04345703125,-0.2911376953125,48.3,35.3
-2.3236083984375,-0.362548828125,48.1,35.3
-2.6641845703125,-0.37353515625,47.9,35.3
-2.98828125,-0.4119873046875,47.9,35.3
-3.460693359375,-0.37353515625,47.9,35.5
-3.75732421875,-0.3240966796875,47.6,35.3
-4.273681640625,-0.3076171875,47.6,35.5
-5.108642578125,-0.2197265625,47.6,35.5
-6.064453125,-0.28564453125,47.6,35.5
-7.3223876953125,-0.4229736328125,47.6,35.7
