pitch,roll,forceLeft,forceRight
8.2232666015625,0.3955078125,49.2,34.8
7.1356201171875,0.4669189453125,48.3,35.3
6.163330078125,0.494384765625,48.1,35.3
5.0592041015625,0.4833984375,47.9,35.3
4.119873046875,0.4779052734375,47.9,35.3
3.1640625,0.4449462890625,47.9,35.5
2.5213623046875,0.384521484375,47.6,35.3
1.9720458984375,0.340576171875,47.6,35.5
1.6259765625,0.3021240234375,47.6,35.5
1.2249755859375,0.2691650390625,47.6,35.5
0.9393310546875,0.2197265625,47.6,35.7
