pitch,roll,forceLeft,forceRight
-2.8948974609375,-0.7965087890625,0,0
-3.0377197265625,1.285400390625,0,0.01
-1.5216064453125,2.2137451171875,0,0
0.2142333984375,0.2032470703125,-0.2,0
0.4229736328125,0.02197265625,0,0.01
0.5438232421875,0.054931640625,-0.2,0.01
0.791015625,0.120849609375,0,0
0.9393310546875,0.1922607421875,-0.2,0
1.2579345703125,0.208740234375,0,0
1.1810302734375,0.1318359375,0,0.01
1.0491943359375,0.0604248046875,0,0.01
