pitch,roll,forceLeft,forceRight
-1.60400390625,-1.527099609375,88.1,0
-1.768798828125,-5.5645751953125,66.5,6.51
-1.988525390625,-5.504150390625,66.8,6.51
-2.274169921875,-5.3668212890625,66.5,6.51
-2.6092529296875,-5.3009033203125,66.5,6.71
-3.076171875,-3.49365234375,66.5,6.51
-3.372802734375,-4.7021484375,66.8,6.71
-3.8836669921875,-4.471435546875,66.8,6.71
-4.5263671875,-4.0924072265625,66.8,7.01
-5.4437255859375,-3.7518310546875,66.8,6.71
-6.8115234375,-3.2464599609375,66.8,6.71
