pitch,roll,forceLeft,forceRight
-1.3787841796875,-0.1043701171875,0,0
-1.669921875,0.087890625,0,0.01
-1.6754150390625,0.17578125,0,0
-1.614990234375,0.2911376953125,-0.2,0
-1.6424560546875,0.362548828125,0,0.01
-1.5106201171875,0.3790283203125,-0.2,0.01
-1.351318359375,0.4010009765625,0,0
-1.153564453125,0.4010009765625,-0.2,0
-0.9393310546875,0.41748046875,0,0
-0.7965087890625,0.3955078125,0,0.01
-0.6097412109375,0.3790283203125,0,0.01
