pitch,roll,forceLeft,forceRight
10.997314453125,0.0384521484375,43.6,40.7
8.5968017578125,-0.0054931640625,42.7,40.9
6.591796875,-0.0054931640625,42.5,41.1
5.438232421875,0.032958984375,42.3,41.1
4.6636962890625,0.010986328125,42.3,41.1
3.8397216796875,0.02197265625,42,41.1
3.31787109375,0.032958984375,42.3,41.4
2.735595703125,0.0274658203125,42,41.4
2.098388671875,0.02197265625,42,41.4
1.6314697265625,0.0439453125,42,41.4
