pitch,roll,forceLeft,forceRight
-1.845703125,-5.60302734375,63.2,7.21
-2.35107421875,-5.5865478515625,62.5,8.31
-2.5927734375,-5.4766845703125,62,8.51
-2.779541015625,-5.4052734375,62,8.81
-3.1036376953125,-5.2459716796875,61.8,8.81
-3.4222412109375,-5.1141357421875,61.8,9.01
-3.7738037109375,-4.9383544921875,61.8,9.01
-4.4384765625,-4.691162109375,62,9.01
-4.81201171875,-4.339599609375,61.8,9.01
-5.196533203125,-4.0045166015625,61.8,9.01
