pitch,roll,forceLeft,forceRight
-2.26318359375,-0.2471923828125,43.6,40.7
-2.6312255859375,-0.3076171875,42.7,40.9
-2.9443359375,-0.230712890625,42.5,41.1
-3.3892822265625,-0.2911376953125,42.3,41.1
-3.6749267578125,-0.3021240234375,42.3,41.1
-4.0924072265625,-0.2691650390625,42,41.1
-4.5098876953125,-0.3076171875,42.3,41.4
-5.240478515625,-0.3515625,42,41.4
-5.6854248046875,-0.3460693359375,42,41.4
-6.0260009765625,-0.37353515625,42,41.4
