pitch,roll,forceLeft,forceRight
0.867919921875,-0.2032470703125,0,0.01
-0.5877685546875,-0.2032470703125,0,0.01
-1.7633056640625,-0.1812744140625,0,0.01
-1.9390869140625,-0.098876953125,0,0.01
-1.7578125,-0.0164794921875,0,0.01
-1.669921875,0.0164794921875,0,0.01
-1.5106201171875,0.06591796875,0,0.01
-1.3677978515625,0.076904296875,0,0.01
-1.3128662109375,0.076904296875,0,0.01
-1.241455078125,0.098876953125,0,0.01
