pitch,roll,forceLeft,forceRight
8.8165283203125,0.7086181640625,48.3,43.4
7.8387451171875,0.7855224609375,47.2,43.2
6.7730712890625,0.845947265625,47,43.2
5.5810546875,0.87890625,46.7,43.4
4.405517578125,0.8843994140625,46.7,43.4
3.4552001953125,1.5985107421875,46.7,43.4
2.7410888671875,0.85693359375,46.5,43.4
2.2576904296875,0.81298828125,46.5,43.4
1.7962646484375,0.7965087890625,46.5,43.4
1.4007568359375,0.7635498046875,46.5,43.4
1.0107421875,0.7196044921875,46.5,43.4
