pitch,roll,forceLeft,forceRight
-1.5545654296875,-4.921875,72.4,4.71
-1.8951416015625,-4.9932861328125,71.7,5.41
-2.230224609375,-4.998779296875,71.7,5.81
-2.4774169921875,-4.8944091796875,71.3,5.81
-2.7630615234375,-2.08740234375,71,5.81
-3.350830078125,-4.3890380859375,71.3,6.11
-3.6639404296875,-4.32861328125,71.3,6.11
-4.1748046875,-4.075927734375,71,6.31
-4.998779296875,-3.6968994140625,71,6.31
-6.0040283203125,-3.3892822265625,71,6.31
-7.3992919921875,-3.01025390625,71,6.51
