pitch,roll,forceLeft,forceRight
8.0694580078125,-0.5712890625,72.4,4.71
6.83349609375,-2.0599365234375,71.7,5.41
5.7183837890625,-2.493896484375,71.7,5.81
4.68017578125,-2.900390625,71.3,5.81
3.790283203125,-2.779541015625,71,5.81
2.9058837890625,-3.4716796875,71.3,6.11
2.274169921875,-2.955322265625,71.3,6.11
1.8402099609375,-3.4771728515625,71,6.31
1.373291015625,-3.93310546875,71,6.31
1.0601806640625,-4.3011474609375,71,6.31
0.8404541015625,-4.1363525390625,71,6.51
