pitch,roll,forceLeft,forceRight
0.15380859375,0.010986328125,0,0.01
0.2197265625,0,0,0.01
0.2032470703125,-0.0054931640625,0,0.01
0.37353515625,0,0,0.01
0.46142578125,0.010986328125,0,0.01
0.560302734375,0.0604248046875,0,0.01
0.7965087890625,0.120849609375,0,0.01
1.0162353515625,0.2032470703125,0,0.01
1.16455078125,0.2362060546875,0,0.01
1.021728515625,0.186767578125,0.01,0.01
1.03271484375,0.0384521484375,0,0.21
