pitch,roll,forceLeft,forceRight
-1.2908935546875,-0.0164794921875,0,0.01
-1.5325927734375,0.1483154296875,0,0.01
-1.56005859375,0.2142333984375,0,0.01
-1.56005859375,0.252685546875,0,0.01
-1.614990234375,0.3021240234375,0,0.01
-1.51611328125,0.318603515625,0,0.01
-1.3787841796875,0.32958984375,0,0.01
-1.1865234375,0.3515625,0,0.01
-0.9063720703125,0.3570556640625,0,0.01
-0.758056640625,0.3460693359375,0.01,0.01
-0.648193359375,0.32958984375,0,0.21
