pitch,roll,forceLeft,forceRight
-1.73583984375,0.186767578125,48.3,43.4
-2.1368408203125,0.17578125,47.2,43.2
-2.559814453125,0.15380859375,47,43.2
-2.8619384765625,0.1318359375,46.7,43.4
-3.2684326171875,0.0604248046875,46.7,43.4
-3.790283203125,0.0439453125,46.7,43.4
-4.119873046875,0.0933837890625,46.5,43.4
-4.757080078125,0.0604248046875,46.5,43.4
-5.64697265625,0.0604248046875,46.5,43.4
-6.7620849609375,-0.0274658203125,46.5,43.4
-8.1573486328125,-0.2362060546875,46.5,43.4
