pitch,roll,forceLeft,forceRight
9.38232421875,0.3350830078125,51.7,40.5
7.8826904296875,0.4779052734375,50.6,40.7
6.229248046875,0.5218505859375,50.3,40.9
4.625244140625,0.5218505859375,50.1,40.9
3.2904052734375,0.4669189453125,49.9,40.9
2.274169921875,0.41748046875,49.9,41.1
1.58203125,0.384521484375,49.9,41.1
