pitch,roll,forceLeft,forceRight
0.1318359375,-0.010986328125,0,0.01
0.2197265625,-0.0164794921875,-0.2,0.01
0.2471923828125,0,0,0.01
0.4449462890625,0.010986328125,0,0.01
0.670166015625,0.0823974609375,0,0.01
1.0107421875,0.19775390625,-0.2,0.01
1.2908935546875,0.17578125,-0.2,0.01
