pitch,roll,forceLeft,forceRight
-1.5216064453125,-0.2801513671875,51.7,40.5
-2.1368408203125,-0.263671875,50.6,40.7
-2.724609375,-0.2911376953125,50.3,40.9
-3.262939453125,-0.3131103515625,50.1,40.9
-4.0155029296875,-0.3021240234375,49.9,40.9
-4.8175048828125,-0.2801513671875,49.9,41.1
-6.097412109375,-0.2691650390625,49.9,41.1
