pitch,roll,forceLeft,forceRight
-1.3458251953125,-5.42724609375,74.2,4.51
-1.8841552734375,-5.460205078125,73.3,5.41
-2.3291015625,-5.3887939453125,73,5.61
-2.8564453125,-5.2020263671875,73,5.81
-3.5540771484375,-4.8504638671875,73,5.81
-4.185791015625,-4.4659423828125,73,5.81
-5.3887939453125,-3.9111328125,73,6.11
