pitch,roll,forceLeft,forceRight
8.6517333984375,-0.4888916015625,74.2,4.51
7.1356201171875,-2.28515625,73.3,5.41
5.548095703125,-2.98828125,73,5.61
3.9056396484375,-3.548583984375,73,5.81
2.7685546875,-4.0045166015625,73,5.81
1.8731689453125,-4.37255859375,73,5.81
1.3568115234375,-4.68017578125,73,6.11
