pitch,roll,forceLeft,forceRight
-1.0931396484375,-0.3021240234375,0,0.01
-1.6534423828125,0.0714111328125,-0.2,0.01
-1.58203125,0.24169921875,0,0.01
-1.5875244140625,0.3570556640625,0,0.01
-1.40625,0.384521484375,0,0.01
-1.1700439453125,0.384521484375,-0.2,0.01
-0.8953857421875,0.384521484375,-0.2,0.01
