milimeters,N*(m^2)
0,52.1849862222392
75,83.1093540334852
150,124.249796024309
225,193.109909477688
300,301.527648478174
375,402.578616440978
450,457.035965733866
525,510.729844619941
600,359.783140276087
675,320.699328700692
750,399.215899466437
825,320.852811630637
900,201.380357850368
975,121.674670718106
1050,63.4279702674683
