milimeters,N*(m^2)
0,41.6679012571604
75,69.2681038508336
150,111.876893009105
225,178.203908150218
300,281.172365928506
375,357.784528544308
450,404.899449573732
525,451.015081983929
600,316.67963347334
675,282.81844284408
750,373.445302916471
825,286.70574259514
900,165.627732763327
975,108.471944091437
1050,55.8133045660637
