pitch,roll,forceLeft,forceRight
1.4776611328125,-0.02197265625,90.6,0
11.085205078125,0.0439453125,63.6,9.01
9.404296875,-1.318359375,63.6,9.21
6.9598388671875,-2.9443359375,63.6,9.21
5.328369140625,-3.416748046875,63.8,9.21
4.5867919921875,-3.84521484375,63.6,9.21
3.702392578125,-4.0374755859375,63.8,9.21
3.1201171875,-4.24072265625,63.8,9.41
2.537841796875,-4.6142578125,63.8,9.41
2.0489501953125,-4.02099609375,63.6,9.41
1.6094970703125,-3.5211181640625,63.8,9.41
