pitch,roll,forceLeft,forceRight
0.1373291015625,-0.02197265625,0,0.01
0.1483154296875,0.010986328125,0,0.01
0.186767578125,-0.0054931640625,0,0
0.263671875,0.0054931640625,0,0.01
0.450439453125,0.0274658203125,-0.2,0.01
0.50537109375,0.02197265625,0,0.01
0.6976318359375,0.087890625,0,0
0.977783203125,0.1593017578125,-0.2,0.01
1.12060546875,0.252685546875,0,0.01
1.3018798828125,0.230712890625,0,0.01
