pitch,roll,forceLeft,forceRight
-1.4886474609375,-0.318603515625,51.5,40.7
-1.8841552734375,-0.3076171875,50.1,41.1
-2.28515625,-0.3680419921875,49.9,41.1
-2.6861572265625,-0.3076171875,49.9,41.1
-2.98828125,-0.296630859375,49.7,41.1
-3.4771728515625,-0.318603515625,49.7,41.1
-3.9495849609375,-0.3350830078125,49.7,41.4
-4.4110107421875,-0.3021240234375,49.4,41.1
-5.20751953125,-0.2801513671875,49.4,41.4
-6.0260009765625,-0.2197265625,49.4,41.4
