pitch,roll,forceLeft,forceRight
-0.780029296875,-0.340576171875,0,0.01
-1.3787841796875,0.010986328125,0,0.01
-1.5325927734375,0.1812744140625,0,0
-1.593017578125,0.252685546875,0,0.01
-1.5435791015625,0.2691650390625,-0.2,0.01
-1.56005859375,0.318603515625,0,0.01
-1.483154296875,0.3515625,0,0
-1.2908935546875,0.362548828125,-0.2,0.01
-1.07666015625,0.362548828125,0,0.01
-0.845947265625,0.3460693359375,0,0.01
