pitch,roll,forceLeft,forceRight
9.3328857421875,0.46142578125,51.5,40.7
8.3990478515625,0.5657958984375,50.1,41.1
7.27294921875,0.604248046875,49.9,41.1
6.2841796875,0.5767822265625,49.9,41.1
5.0811767578125,0.538330078125,49.7,41.1
4.0594482421875,0.52734375,49.7,41.1
3.2354736328125,0.4779052734375,49.7,41.4
2.5762939453125,0.4449462890625,49.4,41.1
2.076416015625,0.3900146484375,49.4,41.4
1.5545654296875,0.37353515625,49.4,41.4
