pitch,roll,forceLeft,forceRight
-1.3018798828125,-5.4547119140625,73.9,4.01
-1.6864013671875,-5.537109375,73.3,4.91
-1.9281005859375,-5.537109375,73,5.21
-2.2796630859375,-5.416259765625,73,5.21
-2.6092529296875,-5.2789306640625,73,5.41
-3.0926513671875,-5.1416015625,73,5.41
-3.460693359375,-4.8944091796875,72.8,5.41
-3.80126953125,-4.6307373046875,72.8,5.41
-4.5208740234375,-4.306640625,72.8,5.61
-5.33935546875,-3.9166259765625,72.8,5.81
