pitch,roll,forceLeft,forceRight
8.4979248046875,-0.472412109375,73.9,4.01
7.4102783203125,-2.0489501953125,73.3,4.91
6.317138671875,-2.5213623046875,73,5.21
5.306396484375,-2.9827880859375,73,5.21
4.317626953125,-3.4002685546875,73,5.41
3.284912109375,-3.7518310546875,73,5.41
2.6312255859375,-3.3673095703125,72.8,5.41
2.142333984375,-3.9605712890625,72.8,5.41
1.6094970703125,-4.471435546875,72.8,5.61
1.1865234375,-4.7406005859375,72.8,5.81
