pitch,roll,forceLeft,forceRight
-0.7196044921875,0.1263427734375,33.7,30.3
5.482177734375,0.615234375,33.5,30.3
4.251708984375,0.3131103515625,33.5,30.3
3.6749267578125,0.318603515625,33.3,30.6
3.153076171875,0.3350830078125,33.3,30.6
2.8729248046875,0.3570556640625,33.3,30.6
2.1917724609375,0.3350830078125,33.3,30.6
1.7138671875,0.2691650390625,33,30.8
1.5655517578125,0.24169921875,33,30.8
1.3623046875,0.2142333984375,33,30.6
