pitch,roll,forceLeft,forceRight
-4.02099609375,0.0604248046875,62.9,0
-0.791015625,-2.5323486328125,63.4,0.01
-1.4501953125,-2.5048828125,63.2,0
-1.702880859375,-2.4114990234375,63.4,0
-1.8511962890625,-2.3455810546875,63.6,0
-2.054443359375,-2.2467041015625,63.6,0
-2.318115234375,-2.208251953125,63.4,0.01
-2.373046875,-2.1807861328125,65.6,0.01
-2.647705078125,-2.0599365234375,65.4,0.01
-3.2958984375,-1.8951416015625,65.4,0
