pitch,roll,forceLeft,forceRight
-1.7138671875,0.2362060546875,31.9,39.3
-2.010498046875,0.1318359375,32.6,38.7
-2.4114990234375,0.0823974609375,32.4,38.7
-2.8125,0.0274658203125,32.4,38.7
-3.14208984375,-0.02197265625,32.6,38.7
-3.4881591796875,-0.0823974609375,32.8,38.4
-3.702392578125,-0.120849609375,32.6,38.4
-4.1033935546875,-0.1702880859375,32.6,38.4
-4.7186279296875,-0.2197265625,32.6,38.4
-5.3778076171875,-0.274658203125,32.8,38.4
-6.4544677734375,-0.3240966796875,32.6,38.4
