pitch,roll,forceLeft,forceRight
10.008544921875,0.230712890625,56,9.41
8.0419921875,-1.73583984375,55.5,10.1
5.99853515625,-2.5213623046875,55.1,10.6
4.625244140625,-2.889404296875,55.1,10.6
3.570556640625,-3.27392578125,55.1,10.8
2.74658203125,-3.4552001953125,55.1,10.8
2.076416015625,-3.6090087890625,54.8,11
1.7633056640625,-3.7847900390625,54.8,11
1.42822265625,-3.9385986328125,54.8,11
1.0821533203125,-4.0155029296875,54.8,11
0.802001953125,-4.229736328125,54.8,11
