pitch,roll,forceLeft,forceRight
-0.384521484375,-0.10986328125,0,0
-0.2911376953125,-0.17578125,-0.2,0
-0.24169921875,-0.2197265625,0,0
-0.1812744140625,-0.230712890625,0,0
-0.0933837890625,-0.2691650390625,-0.2,0.01
0.032958984375,-0.274658203125,-0.2,0
0.2032470703125,-0.2801513671875,-0.2,0
0.3076171875,-0.2801513671875,-0.2,0.01
0.2801513671875,-0.2581787109375,0,0
0.263671875,-0.230712890625,0,0
-0.054931640625,-0.2581787109375,-0.2,0
