pitch,roll,forceLeft,forceRight
10.4864501953125,0.8349609375,31.9,39.3
8.61328125,0.9393310546875,32.6,38.7
6.7291259765625,0.9832763671875,32.4,38.7
5.2679443359375,1.043701171875,32.4,38.7
4.24072265625,1.0986328125,32.6,38.7
3.4222412109375,1.16455078125,32.8,38.4
2.691650390625,1.219482421875,32.6,38.4
2.1807861328125,1.2359619140625,32.6,38.4
1.7523193359375,1.2359619140625,32.6,38.4
1.3458251953125,1.1865234375,32.8,38.4
0.98876953125,1.1370849609375,32.6,38.4
