pitch,roll,forceLeft,forceRight
-1.4996337890625,-5.0701904296875,56,9.41
-1.7742919921875,-5.2679443359375,55.5,10.1
-2.010498046875,-5.328369140625,55.1,10.6
-2.3785400390625,-5.2294921875,55.1,10.6
-2.669677734375,-5.185546875,55.1,10.8
-2.999267578125,-5.1141357421875,55.1,10.8
-3.175048828125,-5.020751953125,54.8,11
-3.53759765625,-4.89990234375,54.8,11
-4.1912841796875,-4.713134765625,54.8,11
-4.921875,-4.4549560546875,54.8,11
-6.075439453125,-4.130859375,54.8,11
