pitch,roll,forceLeft,forceRight
1.4556884765625,0.5877685546875,0,0
0.3350830078125,0.615234375,-0.2,0
-0.3350830078125,0.615234375,0,0
-0.8624267578125,0.648193359375,0,0
-0.999755859375,0.6756591796875,-0.2,0.01
-1.1865234375,0.76904296875,-0.2,0
-1.2689208984375,0.7965087890625,-0.2,0
-1.1041259765625,0.802001953125,-0.2,0.01
-0.9832763671875,0.7855224609375,0,0
-0.8349609375,0.7470703125,0,0
-0.7415771484375,0.692138671875,-0.2,0
