pitch,roll,forceLeft,forceRight
-0.8843994140625,0.37353515625,22.5,16.6
13.0572509765625,0.911865234375,21.8,17.1
12.6727294921875,0.8074951171875,21.6,17.1
12.337646484375,0.703125,21.6,17.1
11.865234375,0.7196044921875,21.6,17.1
11.370849609375,0.6976318359375,21.6,17.1
10.777587890625,0.692138671875,21.6,17.1
10.107421875,0.670166015625,21.6,17.3
9.3603515625,0.626220703125,21.6,17.3
8.5418701171875,0.615234375,21.6,17.3
