pitch,roll,forceLeft,forceRight
-2.0050048828125,-0.1318359375,-0.2,0.01
-1.9940185546875,-0.1373291015625,0,0.01
-2.010498046875,-0.2252197265625,0,0.01
-1.95556640625,-0.0164794921875,0,0.01
-1.8621826171875,0.032958984375,0,0
-1.7742919921875,0.164794921875,0,0.01
-1.636962890625,0.24169921875,0,0
-1.4447021484375,0.2801513671875,0,0.01
-1.2744140625,0.2801513671875,-0.2,0
-1.087646484375,0.3131103515625,0,0.01
