pitch,roll,forceLeft,forceRight
-4.10888671875,0.428466796875,22.5,16.6
-4.119873046875,0.4339599609375,21.8,17.1
-5.504150390625,0.6976318359375,21.6,17.1
-6.712646484375,0.648193359375,21.6,17.1
-7.8936767578125,0.7525634765625,21.6,17.1
-8.9593505859375,0.8184814453125,21.6,17.1
-9.8931884765625,0.8843994140625,21.6,17.1
-10.74462890625,0.933837890625,21.6,17.3
-11.4752197265625,0.94482421875,21.6,17.3
-12.1234130859375,1.065673828125,21.6,17.3
