pitch,roll,forceLeft,forceRight
-12.6837158203125,1.1810302734375,33.5,6.11
-4.3560791015625,-1.241455078125,31.9,7.41
-5.4986572265625,-1.3623046875,31.7,7.61
-6.6522216796875,-1.2469482421875,31.5,7.91
-7.7508544921875,-1.1041259765625,31.5,7.91
-8.72314453125,-0.87890625,31.2,7.91
-9.6240234375,-0.6756591796875,31.2,7.91
-10.43701171875,-0.4669189453125,31.2,7.91
-11.162109375,-0.2801513671875,31.2,7.91
-11.8157958984375,-0.186767578125,30.6,8.11
