pitch,roll,forceLeft,forceRight
0.955810546875,-0.1812744140625,0,0.01
-0.4888916015625,-0.19775390625,-0.2,0.01
-1.6534423828125,-0.15380859375,0,0.01
-1.944580078125,-0.1153564453125,-0.2,0.01
-1.7852783203125,-0.0823974609375,-0.2,0
-1.702880859375,-0.0384521484375,0,0
-1.51611328125,-0.0164794921875,-0.2,0.01
-1.318359375,-0.0054931640625,0,0
-1.2799072265625,0.0384521484375,-0.2,0.01
-1.241455078125,0.032958984375,0,0.01
