pitch,roll,forceLeft,forceRight
-2.2467041015625,0.28564453125,33,48.5
-2.7740478515625,0.362548828125,33.5,47.9
-2.9608154296875,0.3131103515625,33.7,47.6
-3.40576171875,0.2801513671875,33.7,47.6
-3.7298583984375,0.2581787109375,33.7,47.6
-4.1912841796875,0.230712890625,33.9,47.6
-4.6417236328125,0.164794921875,33.9,47.6
-5.3668212890625,0.1483154296875,33.9,47.6
-5.69091796875,0.098876953125,33.9,47.6
-6.119384765625,0.0384521484375,33.9,47.6
