pitch,roll,forceLeft,forceRight
8.1683349609375,0.5548095703125,39.8,41.4
7.1246337890625,0.7415771484375,39.8,40.9
5.99853515625,0.8294677734375,40,40.7
4.998779296875,0.8349609375,40,40.7
3.9056396484375,0.867919921875,40,40.9
3.021240234375,0.867919921875,40,40.7
2.471923828125,0.85693359375,40,40.7
1.95556640625,0.8294677734375,40.2,40.7
1.549072265625,0.8074951171875,40.2,40.7
1.2030029296875,0.7965087890625,40.2,40.7
0.8624267578125,0.7525634765625,40.2,40.7
