pitch,roll,forceLeft,forceRight
7.4322509765625,-0.4998779296875,68.1,4.01
6.3775634765625,-2.1148681640625,67.4,4.91
5.2569580078125,-2.6312255859375,67.2,5.21
4.28466796875,-3.0047607421875,67.2,5.21
3.306884765625,-3.350830078125,67.2,5.41
2.63671875,-3.614501953125,67,5.41
2.0654296875,-3.8946533203125,67,5.41
1.614990234375,-4.0869140625,67,5.61
1.263427734375,-4.2572021484375,67,5.61
0.977783203125,-4.41650390625,66.8,5.61
0.791015625,-4.54833984375,67,5.61
