pitch,roll,forceLeft,forceRight
-3.834228515625,-0.823974609375,0,0.01
-0.6646728515625,-0.24169921875,-0.2,0
0.1153564453125,0.010986328125,0,0.01
0.2801513671875,0.010986328125,0,0
0.428466796875,0.0054931640625,0,0.01
0.5438232421875,0.06591796875,0,0.01
0.7635498046875,0.1373291015625,0,0
0.9832763671875,0.208740234375,0,0.01
1.142578125,0.2362060546875,0,0.01
1.1865234375,0.1812744140625,0,0.01
1.0382080078125,0.1593017578125,-0.2,0
