pitch,roll,forceLeft,forceRight
-1.417236328125,-4.888916015625,68.1,4.01
-1.724853515625,-4.9822998046875,67.4,4.91
-2.0379638671875,-4.976806640625,67.2,5.21
-2.197265625,-4.85595703125,67.2,5.21
-2.5653076171875,-4.7406005859375,67.2,5.41
-3.021240234375,-4.50439453125,67,5.41
-3.2794189453125,-4.295654296875,67,5.41
-3.779296875,-3.9935302734375,67,5.61
-4.427490234375,-3.658447265625,67,5.61
-5.361328125,-3.3563232421875,66.8,5.61
-6.6302490234375,-2.96630859375,67,5.61
