pitch,roll,forceLeft,forceRight
-1.636962890625,0.120849609375,39.8,41.4
-1.9940185546875,0.1263427734375,39.8,40.9
-2.3675537109375,0.1318359375,40,40.7
-2.647705078125,0.1812744140625,40,40.7
-2.9498291015625,0.0604248046875,40,40.9
-3.438720703125,0.1263427734375,40,40.7
-3.779296875,0.1153564453125,40,40.7
-4.28466796875,0.1043701171875,40.2,40.7
-5.0372314453125,0.0823974609375,40.2,40.7
-5.965576171875,0.010986328125,40.2,40.7
-7.22900390625,-0.24169921875,40.2,40.7
