pitch,roll,forceLeft,forceRight
-1.16455078125,-0.186767578125,0,0.01
-1.6314697265625,0.076904296875,-0.2,0
-1.5985107421875,0.208740234375,0,0.01
-1.6534423828125,0.274658203125,0,0
-1.5765380859375,0.340576171875,0,0.01
-1.5655517578125,0.37353515625,0,0.01
-1.3568115234375,0.3790283203125,0,0
-1.153564453125,0.4010009765625,0,0.01
-0.94482421875,0.4010009765625,0,0.01
-0.791015625,0.384521484375,0,0.01
-0.604248046875,0.37353515625,-0.2,0
