pitch,roll,forceLeft,forceRight
3.2574462890625,0.7745361328125,25.6,8.81
4.7406005859375,-1.263427734375,24.5,9.41
4.581298828125,-1.5765380859375,24.5,9.71
4.493408203125,-1.5435791015625,24.3,9.71
4.3505859375,-1.702880859375,24.3,9.71
4.1143798828125,-1.6864013671875,24.3,9.91
4.031982421875,-1.8072509765625,24,9.71
3.8287353515625,-1.8402099609375,24,9.71
3.4881591796875,-1.5765380859375,24,9.71
3.3123779296875,-1.768798828125,24,9.91
