pitch,roll,forceLeft,forceRight
0.1702880859375,0.17578125,0,0
0.1702880859375,0.17578125,0,0
0.263671875,0.186767578125,0,0
0.3515625,0.1702880859375,0,0.01
0.5438232421875,0.120849609375,-0.2,0.01
0.714111328125,0.1483154296875,0,0.01
0.9063720703125,0.15380859375,0,0.01
1.0601806640625,0.087890625,0,0.01
1.2249755859375,0.087890625,0,0.01
1.351318359375,0.0439453125,0,0.01
