pitch,roll,forceLeft,forceRight
-0.9173583984375,0.2801513671875,19.8,16.4
5.1470947265625,0.8734130859375,19.3,16.6
5.0921630859375,0.8294677734375,19.1,16.6
4.888916015625,0.9063720703125,19.1,16.6
4.735107421875,0.714111328125,18.9,16.6
4.5648193359375,0.7305908203125,18.9,16.6
4.3890380859375,0.7635498046875,18.9,16.6
4.15283203125,0.7196044921875,18.9,16.8
3.9495849609375,0.7855224609375,18.9,16.8
3.5760498046875,0.7415771484375,18.9,16.8
