pitch,roll,forceLeft,forceRight
-5.350341796875,1.087646484375,25.6,8.81
-1.9281005859375,-1.5435791015625,24.5,9.41
-2.449951171875,-1.4227294921875,24.5,9.71
-2.977294921875,-1.307373046875,24.3,9.71
-3.394775390625,-1.2689208984375,24.3,9.71
-3.7628173828125,-1.23046875,24.3,9.91
-4.06494140625,-1.1590576171875,24,9.71
-4.3560791015625,-1.0546875,24,9.71
-4.5867919921875,-0.8514404296875,24,9.71
-4.8065185546875,-0.8624267578125,24,9.91
