pitch,roll,forceLeft,forceRight
-2.13134765625,0.0164794921875,0,0
-2.1258544921875,0.0164794921875,0,0
-2.1368408203125,0.0439453125,0,0
-1.9830322265625,0.0714111328125,0,0.01
-1.9500732421875,0.0823974609375,-0.2,0.01
-1.8621826171875,0.208740234375,0,0.01
-1.6534423828125,0.28564453125,0,0.01
-1.4776611328125,0.230712890625,0,0.01
-1.241455078125,0.3460693359375,0,0.01
-1.0986328125,0.2911376953125,0,0.01
