pitch,roll,forceLeft,forceRight
-1.900634765625,0.560302734375,19.8,16.4
-1.966552734375,0.5767822265625,19.3,16.6
-2.52685546875,0.5987548828125,19.1,16.6
-3.0157470703125,0.8404541015625,19.1,16.6
-3.5211181640625,0.9228515625,18.9,16.6
-3.9495849609375,0.9722900390625,18.9,16.6
-4.3121337890625,1.0107421875,18.9,16.6
-4.6087646484375,1.043701171875,18.9,16.8
-4.8779296875,1.0821533203125,18.9,16.8
-5.1141357421875,1.0546875,18.9,16.8
