pitch,roll,forceLeft,forceRight
-0.24169921875,0.0164794921875,0,0.01
-0.24169921875,0.0164794921875,0,0.01
-0.19775390625,0.0494384765625,-0.2,0.01
0.0054931640625,0.06591796875,0,0
0.164794921875,0.076904296875,-0.2,0.01
0.3021240234375,0.1318359375,-0.2,0
0.4449462890625,0.1263427734375,0,0.01
0.538330078125,0.1318359375,0,0.01
0.4339599609375,0.120849609375,0,0
0.736083984375,0.10986328125,-0.2,0
