pitch,roll,forceLeft,forceRight
-6.119384765625,0.3021240234375,65,6.31
-2.0489501953125,-5.0152587890625,64.5,7.21
-2.6531982421875,-5.0152587890625,64.3,7.41
-2.9058837890625,-4.8834228515625,64.1,7.41
-3.153076171875,-4.7735595703125,64.1,7.61
-3.4552001953125,-4.603271484375,64.1,7.61
-3.7957763671875,-4.4219970703125,64.3,7.61
-4.1473388671875,-4.229736328125,64.1,7.91
-4.8944091796875,-3.9715576171875,63.8,7.91
-5.1910400390625,-3.6419677734375,64.1,7.91
