pitch,roll,forceLeft,forceRight
-1.2249755859375,0.0274658203125,37.8,44.5
11.1456298828125,0.3076171875,38,43.6
8.7451171875,0.3460693359375,38.2,43.6
6.5423583984375,0.4010009765625,38.4,43.6
5.5426025390625,0.4339599609375,38.4,43.6
4.625244140625,0.4339599609375,38.4,43.4
3.80126953125,0.450439453125,38.4,43.6
3.240966796875,0.439453125,38.7,43.6
2.669677734375,0.4559326171875,38.7,43.6
2.1038818359375,0.4339599609375,38.7,43.4
