pitch,roll,forceLeft,forceRight
1.658935546875,0.4449462890625,65,6.31
10.667724609375,-0.32958984375,64.5,7.21
7.7618408203125,-2.4609375,64.3,7.41
5.7952880859375,-2.9168701171875,64.1,7.41
4.779052734375,-3.262939453125,64.1,7.61
3.988037109375,-3.636474609375,64.1,7.61
3.1805419921875,-3.9495849609375,64.3,7.61
2.74658203125,-4.19677734375,64.1,7.91
2.26318359375,-4.10888671875,63.8,7.91
1.702880859375,-4.4769287109375,64.1,7.91
