pitch,roll,forceLeft,forceRight
6.0369873046875,0.3460693359375,20.7,16
5.855712890625,0.2691650390625,20,16.4
5.767822265625,0.2581787109375,19.8,16.4
5.6304931640625,0.2197265625,19.5,16.6
5.5096435546875,0.2471923828125,19.5,16.6
5.2789306640625,0.230712890625,19.5,16.6
4.9822998046875,0.2362060546875,19.5,16.6
4.59228515625,0.2142333984375,19.3,16.6
4.130859375,0.17578125,19.3,16.8
3.5650634765625,0.1702880859375,19.3,16.8
2.911376953125,0.142822265625,19.1,16.8
