pitch,roll,forceLeft,forceRight
-3.372802734375,-0.2142333984375,20.7,16
-3.93310546875,-0.274658203125,20,16.4
-4.4769287109375,-0.2801513671875,19.8,16.4
-4.932861328125,-0.2581787109375,19.5,16.6
-5.3009033203125,-0.2911376953125,19.5,16.6
-5.51513671875,-0.2911376953125,19.5,16.6
-5.6964111328125,-0.3240966796875,19.5,16.6
-5.7952880859375,-0.3240966796875,19.3,16.6
-5.77880859375,-0.340576171875,19.3,16.8
-5.6689453125,-0.263671875,19.3,16.8
-5.5426025390625,-0.2691650390625,19.1,16.8
