pitch,roll,forceLeft,forceRight
5.33935546875,-0.1702880859375,28.3,7.01
4.954833984375,-0.41748046875,27.6,8.11
4.888916015625,-0.5657958984375,27.2,8.11
4.7955322265625,-0.714111328125,27.2,8.31
4.658203125,-0.9228515625,27.2,8.51
4.4769287109375,-1.0711669921875,27,8.31
4.2572021484375,-1.2359619140625,27,8.51
4.0374755859375,-1.3458251953125,27,9.01
3.5650634765625,-1.5380859375,27,8.81
3.076171875,-1.7303466796875,26.7,9.01
2.537841796875,-1.8731689453125,26.7,9.01
