pitch,roll,forceLeft,forceRight
-3.043212890625,-2.252197265625,28.3,7.01
-3.5760498046875,-2.208251953125,27.6,8.11
-4.04296875,-2.0489501953125,27.2,8.11
-4.4549560546875,-1.878662109375,27.2,8.31
-4.7515869140625,-1.7193603515625,27.2,8.51
-4.9658203125,-1.5435791015625,27,8.31
-5.086669921875,-1.4117431640625,27,8.51
-5.1251220703125,-1.25244140625,27,9.01
-5.064697265625,-1.142578125,27,8.81
-5.042724609375,-0.966796875,26.7,9.01
-4.910888671875,-0.780029296875,26.7,9.01
