pitch,roll,forceLeft,forceRight
-0.5987548828125,0.37353515625,-0.2,0
-0.5657958984375,0.3680419921875,-0.2,0
-0.472412109375,0.3460693359375,-0.2,0
-0.3350830078125,0.3570556640625,-0.2,0
-0.186767578125,0.340576171875,-0.2,0
-0.0274658203125,0.4010009765625,-0.2,0
0.076904296875,0.3955078125,-0.2,0
0.19775390625,0.4010009765625,-0.2,0
0.274658203125,0.3240966796875,-0.2,0
0.340576171875,0.340576171875,-0.2,0
0.340576171875,0.3076171875,-0.2,0
