pitch,roll,forceLeft,forceRight
-0.428466796875,-0.087890625,-0.2,0
-0.4888916015625,-0.076904296875,-0.2,0
-0.4833984375,-0.0933837890625,-0.2,0
-0.450439453125,-0.0823974609375,-0.2,0
-0.384521484375,-0.098876953125,-0.2,0
-0.28564453125,-0.1043701171875,-0.2,0
-0.17578125,-0.1318359375,-0.2,0
-0.0439453125,-0.1483154296875,-0.2,0
0.0933837890625,-0.1702880859375,-0.2,0
0.208740234375,-0.1922607421875,-0.2,0
0.3240966796875,-0.2252197265625,-0.2,0
