pitch,roll,forceLeft,forceRight
10.579833984375,0.85693359375,31.7,46.7
8.3001708984375,0.2801513671875,31.9,46.1
6.17431640625,0.3680419921875,32.1,46.1
5.185546875,0.4010009765625,32.4,46.1
4.4110107421875,0.450439453125,32.4,45.8
3.58154296875,0.5218505859375,32.4,46.1
3.09814453125,0.59326171875,32.4,45.8
2.548828125,0.626220703125,32.4,45.8
2.0269775390625,0.63720703125,32.6,45.8
1.4776611328125,0.6646728515625,32.6,45.8
