pitch,roll,forceLeft,forceRight
-2.1917724609375,0.2911376953125,31.7,46.7
-2.5213623046875,0.3076171875,31.9,46.1
-2.779541015625,0.384521484375,32.1,46.1
-3.087158203125,0.3350830078125,32.4,46.1
-3.5101318359375,0.3131103515625,32.4,45.8
-3.8946533203125,0.3460693359375,32.4,46.1
-4.3670654296875,0.28564453125,32.4,45.8
-5.0537109375,0.2252197265625,32.4,45.8
-5.361328125,0.1318359375,32.6,45.8
-5.6964111328125,0.054931640625,32.6,45.8
