pitch,roll,forceLeft,forceRight
-0.230712890625,0.0054931640625,0,0.01
-0.142822265625,0.010986328125,0,0.01
0.0384521484375,0.087890625,0,0.01
0.2032470703125,0.0714111328125,0,0.01
0.340576171875,0.1263427734375,0,0.01
0.4888916015625,0.1318359375,0.01,0.01
0.6207275390625,0.1153564453125,0,0.01
0.4833984375,0.1483154296875,0,0.01
0.81298828125,0.1483154296875,0,0.01
1.0382080078125,0.164794921875,0,0
