pitch,roll,forceLeft,forceRight
9.9755859375,-1.82373046875,58.9,9.41
7.196044921875,-2.5543212890625,57.8,10.6
5.1910400390625,-2.98828125,57.5,11
4.361572265625,-3.2684326171875,57.5,11
3.6474609375,-3.5760498046875,57.5,11
2.8839111328125,-3.8287353515625,57.3,11.2
2.5213623046875,-4.0155029296875,57.3,11.2
2.054443359375,-4.185791015625,57.3,11.2
1.58203125,-4.32861328125,57.3,11.5
1.0821533203125,-4.4769287109375,57.3,11.5
