pitch,roll,forceLeft,forceRight
-1.7413330078125,-4.9383544921875,58.9,9.41
-2.2576904296875,-4.9163818359375,57.8,10.6
-2.340087890625,-4.8834228515625,57.5,11
-2.9278564453125,-4.72412109375,57.5,11
-2.9168701171875,-4.63623046875,57.5,11
-3.2080078125,-4.493408203125,57.3,11.2
-3.5760498046875,-4.3341064453125,57.3,11.2
-4.2132568359375,-4.1363525390625,57.3,11.2
-4.4769287109375,-3.8616943359375,57.3,11.5
-4.844970703125,-3.548583984375,57.3,11.5
