pitch,roll,forceLeft,forceRight
0.966796875,-0.17578125,0,0.01
-0.5712890625,-0.19775390625,0,0.01
-1.82373046875,-0.17578125,0,0.01
-1.988525390625,-0.1043701171875,0,0.01
-1.7852783203125,-0.0933837890625,0,0.01
-1.702880859375,-0.054931640625,0.01,0.01
-1.5106201171875,0,0,0.01
-1.3677978515625,0.087890625,0,0.01
-1.318359375,0.0933837890625,0,0.01
-1.2030029296875,0.1043701171875,0,0
