pitch,roll,forceLeft,forceRight
-0.5877685546875,0.3680419921875,-0.2,0
-0.5767822265625,0.37353515625,-0.2,0
-0.4779052734375,0.3460693359375,-0.2,0
-0.3460693359375,0.3570556640625,-0.2,0
-0.252685546875,0.4010009765625,-0.2,0
-0.054931640625,0.3955078125,-0.2,0
0.06591796875,0.3900146484375,-0.2,0
0.186767578125,0.37353515625,-0.2,0
0.274658203125,0.3680419921875,-0.2,0
0.3240966796875,0.2911376953125,-0.2,0
0.32958984375,0.3515625,-0.2,0
