pitch,roll,forceLeft,forceRight
-3.0487060546875,-1.571044921875,26.5,9.21
-3.62548828125,-1.5545654296875,25.8,9.91
-4.1253662109375,-1.4337158203125,25.6,10.1
-4.5428466796875,-1.329345703125,25.6,10.1
-4.85595703125,-1.197509765625,25.4,10.3
-5.064697265625,-1.087646484375,25.4,10.3
-5.185546875,-0.98876953125,25.4,10.3
-5.2679443359375,-0.9228515625,25.4,10.3
-5.240478515625,-0.8404541015625,25.2,10.6
-5.1416015625,-0.758056640625,25.2,10.6
-4.98779296875,-0.6866455078125,24.9,10.8
