pitch,roll,forceLeft,forceRight
6.251220703125,0.4669189453125,13.3,21.6
6.097412109375,0.4779052734375,13.7,21.1
5.987548828125,0.50537109375,13.7,21.1
5.855712890625,0.5328369140625,14.2,21.3
5.6964111328125,0.5548095703125,13.9,21.1
5.44921875,0.5767822265625,13.9,20.9
5.1361083984375,0.59326171875,14.2,20.9
4.735107421875,0.604248046875,14.2,20.9
4.273681640625,0.6097412109375,14.2,20.9
3.6968994140625,0.626220703125,14.2,20.9
3.01025390625,0.6536865234375,14.2,20.7
