pitch,roll,forceLeft,forceRight
-0.4010009765625,-0.1153564453125,-0.2,0
-0.472412109375,-0.1043701171875,-0.2,0
-0.4669189453125,-0.10986328125,-0.2,0
-0.4229736328125,-0.10986328125,-0.2,0
-0.37353515625,-0.1593017578125,-0.2,0
-0.24169921875,-0.1373291015625,-0.2,0
-0.1593017578125,-0.1318359375,-0.2,0
-0.0164794921875,-0.1593017578125,-0.2,0
0.098876953125,-0.164794921875,-0.2,0
0.2142333984375,-0.186767578125,-0.2,0
0.3131103515625,-0.208740234375,-0.2,0
