pitch,roll,forceLeft,forceRight
5.361328125,-0.010986328125,26.5,9.21
5.1251220703125,-0.17578125,25.8,9.91
5.07568359375,-0.28564453125,25.6,10.1
4.9493408203125,-0.3900146484375,25.6,10.1
4.85595703125,-0.4888916015625,25.4,10.3
4.6527099609375,-0.626220703125,25.4,10.3
4.493408203125,-0.68115234375,25.4,10.3
4.0869140625,-0.845947265625,25.4,10.3
3.702392578125,-0.9283447265625,25.2,10.6
3.22998046875,-1.0382080078125,25.2,10.6
2.6312255859375,-1.16455078125,24.9,10.8
