pitch,roll,forceLeft,forceRight
-3.3837890625,0.142822265625,13.3,21.6
-4.02099609375,0.120849609375,13.7,21.1
-4.5977783203125,0.098876953125,13.7,21.1
-4.998779296875,0.054931640625,14.2,21.3
-5.33935546875,0.032958984375,13.9,21.1
-5.625,0.010986328125,13.9,20.9
-5.789794921875,-0.0274658203125,14.2,20.9
-5.943603515625,-0.0823974609375,14.2,20.9
-5.9490966796875,-0.1373291015625,14.2,20.9
-5.8502197265625,-0.186767578125,14.2,20.9
-5.7073974609375,-0.2691650390625,14.2,20.7
