pitch,roll,forceLeft,forceRight
-1.241455078125,0.0933837890625,49,36.6
11.05224609375,0.263671875,48.1,36.6
9.9151611328125,0.1922607421875,47.6,36.9
7.6519775390625,0.1593017578125,47.6,37.1
5.965576171875,0.1043701171875,47.6,36.9
5.2679443359375,0.0714111328125,47.6,37.1
4.4000244140625,0.0494384765625,47.4,37.1
3.6968994140625,0.02197265625,47.6,37.1
3.131103515625,-0.0384521484375,47.4,37.1
2.5982666015625,-0.010986328125,47.6,37.1
2.021484375,-0.032958984375,47.4,37.1
