pitch,roll,forceLeft,forceRight
-0.24169921875,0.010986328125,-0.2,0.01
-0.24169921875,0.010986328125,0,0.01
-0.2471923828125,0.032958984375,-0.2,0.01
-0.076904296875,0.0494384765625,0,0.01
0.0714111328125,0.06591796875,0,0.01
0.2197265625,0.10986328125,-0.2,0.01
0.3680419921875,0.120849609375,-0.2,0.01
0.4779052734375,0.10986328125,-0.2,0.01
0.4229736328125,0.1043701171875,0,0
0.59326171875,0.10986328125,-0.2,0
0.9393310546875,0.098876953125,-0.2,0
