pitch,roll,forceLeft,forceRight
0.9722900390625,-0.1318359375,-0.2,0.01
0.9722900390625,-0.1318359375,0,0.01
0.1043701171875,-0.1263427734375,-0.2,0.01
-1.2030029296875,-0.10986328125,0,0.01
-1.9500732421875,-0.06591796875,0,0.01
-1.7852783203125,-0.054931640625,-0.2,0.01
-1.7578125,-0.0439453125,-0.2,0.01
-1.5655517578125,0.02197265625,-0.2,0.01
-1.4117431640625,0.02197265625,0,0
-1.2908935546875,0.032958984375,-0.2,0
-1.23046875,0.0384521484375,-0.2,0
