pitch,roll,forceLeft,forceRight
-6.5533447265625,-0.054931640625,90.6,0
-2.30712890625,-0.911865234375,63.6,9.01
-2.7081298828125,-5.7733154296875,63.6,9.21
-2.8399658203125,-5.6414794921875,63.6,9.21
-3.1475830078125,-5.4876708984375,63.8,9.21
-3.394775390625,-5.3228759765625,63.6,9.21
-3.7628173828125,-5.1416015625,63.8,9.21
-4.119873046875,-4.910888671875,63.8,9.41
-4.658203125,-4.68017578125,63.8,9.41
-5.262451171875,-4.306640625,63.6,9.41
-5.44921875,-3.9935302734375,63.8,9.41
