pitch,roll,forceLeft,forceRight
-2.2686767578125,0.1593017578125,35.7,43.8
-2.2686767578125,0.164794921875,36,43.2
-2.70263671875,0.1812744140625,36.2,42.9
-2.9827880859375,0.28564453125,36.2,42.9
-3.2958984375,0.274658203125,36.4,42.9
-3.6639404296875,0.28564453125,36.6,42.9
-4.04296875,0.2911376953125,36.6,42.9
-4.515380859375,0.2911376953125,36.6,42.9
-5.2294921875,0.28564453125,36.6,42.9
-5.504150390625,0.2801513671875,36.6,42.9
