pitch,roll,forceLeft,forceRight
-6.009521484375,0.274658203125,64.5,5.61
-2.1588134765625,-0.5712890625,63.8,6.51
-2.5762939453125,-5.042724609375,63.4,6.71
-2.845458984375,-4.9493408203125,63.4,6.71
-3.0487060546875,-4.8284912109375,63.4,7.01
-3.3343505859375,-4.6636962890625,63.2,7.01
-3.69140625,-4.471435546875,63.4,7.01
-4.0594482421875,-4.2901611328125,63.4,7.01
-4.691162109375,-4.0155029296875,63.2,7.21
-4.9658203125,-3.680419921875,63.2,7.21
