pitch,roll,forceLeft,forceRight
-0.2252197265625,0.0274658203125,-0.2,0.01
-0.2252197265625,0.0274658203125,0,0
-0.1373291015625,0.0439453125,-0.2,0
0.0384521484375,0.06591796875,-0.2,0.01
0.17578125,0.087890625,-0.2,0
0.2691650390625,0.1263427734375,-0.2,0.01
0.4669189453125,0.120849609375,-0.2,0.01
0.4998779296875,0.098876953125,-0.2,0
0.46142578125,0.1263427734375,-0.2,0
0.7635498046875,0.10986328125,-0.2,0.01
