pitch,roll,forceLeft,forceRight
-1.2249755859375,0.0494384765625,35.7,43.8
10.513916015625,0.2252197265625,36,43.2
7.9486083984375,0.3131103515625,36.2,42.9
6.009521484375,0.3790283203125,36.2,42.9
5.0701904296875,0.384521484375,36.4,42.9
4.3670654296875,0.406494140625,36.6,42.9
3.592529296875,0.406494140625,36.6,42.9
3.0157470703125,0.4229736328125,36.6,42.9
2.4993896484375,0.384521484375,36.6,42.9
1.9500732421875,0.3955078125,36.6,42.9
