pitch,roll,forceLeft,forceRight
-2.8729248046875,-2.1588134765625,28.5,6.71
-3.3343505859375,-2.1533203125,27.6,7.61
-3.834228515625,-1.99951171875,27.4,7.91
-4.19677734375,-1.8402099609375,27.6,7.91
-4.471435546875,-1.680908203125,27.2,7.91
-4.7021484375,-1.47216796875,27.4,7.91
-4.822998046875,-1.263427734375,27.4,7.91
-4.888916015625,-1.0546875,27.2,7.91
-4.8504638671875,-0.9283447265625,27.4,8.11
-4.76806640625,-0.72509765625,27.2,8.11
-4.6142578125,-0.8404541015625,27.2,8.11
