pitch,roll,forceLeft,forceRight
-3.2244873046875,-0.1318359375,20.4,16
-3.7738037109375,-0.1812744140625,19.8,16.4
-4.339599609375,-0.1702880859375,19.8,16.4
-5.07568359375,-0.142822265625,19.5,16.4
-4.998779296875,-0.186767578125,19.5,16.4
-5.3997802734375,-0.1702880859375,19.3,16.6
-5.3997802734375,-0.2197265625,19.3,16.6
-5.4931640625,-0.2362060546875,19.3,16.6
-5.4766845703125,-0.230712890625,19.1,16.6
-5.3778076171875,-0.2032470703125,19.1,16.8
-5.2349853515625,-0.3021240234375,19.1,16.6
