pitch,roll,forceLeft,forceRight
4.8779296875,-0.2032470703125,28.5,6.71
4.691162109375,-0.3955078125,27.6,7.61
4.669189453125,-0.5548095703125,27.4,7.91
4.59228515625,-0.692138671875,27.6,7.91
4.471435546875,-0.867919921875,27.2,7.91
4.2462158203125,-1.0162353515625,27.4,7.91
4.0045166015625,-1.2030029296875,27.4,7.91
3.7078857421875,-1.351318359375,27.2,7.91
3.3343505859375,-1.51611328125,27.4,8.11
2.9443359375,-1.6424560546875,27.2,8.11
2.3565673828125,-1.834716796875,27.2,8.11
