pitch,roll,forceLeft,forceRight
5.6195068359375,0.3131103515625,20.4,16
5.5865478515625,0.28564453125,19.8,16.4
5.4437255859375,0.28564453125,19.8,16.4
5.306396484375,0.2581787109375,19.5,16.4
5.1800537109375,0.2581787109375,19.5,16.4
4.9822998046875,0.252685546875,19.3,16.6
4.713134765625,0.252685546875,19.3,16.6
4.427490234375,0.2197265625,19.3,16.6
3.9935302734375,0.2252197265625,19.1,16.6
3.4716796875,0.208740234375,19.1,16.8
2.7850341796875,0.19775390625,19.1,16.6
