pitch,roll,forceLeft,forceRight
-0.5987548828125,0.3460693359375,-0.2,0
-0.5218505859375,0.3460693359375,-0.2,0
-0.4833984375,0.3790283203125,-0.2,0
-0.3350830078125,0.3790283203125,-0.2,0
-0.1812744140625,0.37353515625,-0.2,0
-0.0439453125,0.3680419921875,-0.2,0
0.1263427734375,0.362548828125,-0.2,0
0.1593017578125,0.362548828125,0,0
0.2252197265625,0.3515625,-0.2,0
0.3021240234375,0.340576171875,-0.2,0
0.28564453125,0.3240966796875,0,0
