pitch,roll,forceLeft,forceRight
-0.3680419921875,-0.087890625,-0.2,0
-0.4339599609375,-0.087890625,-0.2,0
-0.428466796875,-0.0933837890625,-0.2,0
-0.4449462890625,-0.0823974609375,-0.2,0
-0.384521484375,-0.0933837890625,-0.2,0
-0.2691650390625,-0.10986328125,-0.2,0
-0.15380859375,-0.1263427734375,-0.2,0
-0.010986328125,-0.1483154296875,0,0
0.0933837890625,-0.164794921875,-0.2,0
0.2032470703125,-0.1812744140625,-0.2,0
0.340576171875,-0.2032470703125,0,0
