pitch,roll,forceLeft,forceRight
-1.7193603515625,-0.252685546875,40,36.6
-2.0159912109375,-0.3131103515625,39.6,37.1
-2.4005126953125,-0.3460693359375,39.3,37.1
-2.823486328125,-0.384521484375,39.1,37.3
-3.1640625,-0.3790283203125,39.1,37.3
-3.526611328125,-0.406494140625,38.9,37.3
-4.0869140625,-0.41748046875,38.9,37.3
-4.3121337890625,-0.4229736328125,38.9,37.5
-4.4549560546875,-0.4339599609375,38.9,37.5
-4.41650390625,-0.4449462890625,38.7,37.3
-4.1912841796875,-0.54931640625,38.7,37.5
