pitch,roll,forceLeft,forceRight
1.5545654296875,0.780029296875,-0.2,0
0.59326171875,0.8294677734375,-0.2,0
-0.120849609375,0.802001953125,-0.2,0.01
-0.5877685546875,0.81298828125,0,0.01
-0.703125,0.867919921875,-0.2,0.01
-0.911865234375,0.94482421875,-0.2,0
-0.9283447265625,0.98876953125,0,0
-0.8074951171875,0.966796875,0,0.01
-0.6646728515625,0.9503173828125,-0.2,0.01
-0.5548095703125,0.911865234375,0,0.01
-0.4669189453125,0.8184814453125,0,0
