pitch,roll,forceLeft,forceRight
0,-0.010986328125,-0.2,0
0.032958984375,-0.0384521484375,-0.2,0
0.087890625,-0.0439453125,-0.2,0.01
0.1373291015625,-0.087890625,0,0.01
0.2142333984375,-0.0933837890625,-0.2,0.01
0.4010009765625,-0.1263427734375,-0.2,0
0.4833984375,-0.120849609375,0,0
0.4888916015625,-0.0933837890625,0,0.01
0.472412109375,-0.0823974609375,-0.2,0.01
0.1263427734375,-0.1153564453125,0,0.01
-0.439453125,-0.2032470703125,0,0
