pitch,roll,forceLeft,forceRight
-1.3897705078125,-5.614013671875,60.2,10.3
-1.8951416015625,-5.745849609375,59.6,11
-2.164306640625,-5.712890625,59.3,11.2
-2.515869140625,-5.657958984375,59.3,11.5
-2.83447265625,-5.55908203125,59.1,11.5
-3.14208984375,-5.4876708984375,59.1,11.5
-3.724365234375,-5.3778076171875,59.1,11.7
-4.4000244140625,-5.218505859375,59.1,11.7
-4.7021484375,-4.9658203125,59.1,11.9
-4.7186279296875,-4.625244140625,59.1,11.7
-4.669189453125,-4.251708984375,58.9,12.1
