pitch,roll,forceLeft,forceRight
10.34912109375,-0.06591796875,60.2,10.3
8.2672119140625,-2.2467041015625,59.6,11
6.690673828125,-2.8729248046875,59.3,11.2
5.4986572265625,-3.2135009765625,59.3,11.5
4.559326171875,-3.5321044921875,59.1,11.5
3.6529541015625,-3.7408447265625,59.1,11.5
3.2904052734375,-3.9276123046875,59.1,11.7
2.7960205078125,-4.130859375,59.1,11.7
2.449951171875,-4.2901611328125,59.1,11.9
2.1368408203125,-4.4879150390625,59.1,11.7
1.6424560546875,-4.7021484375,58.9,12.1
