pitch,roll,forceLeft,forceRight
10.953369140625,0.7745361328125,40,36.6
9.0802001953125,0.76904296875,39.6,37.1
7.5750732421875,0.7415771484375,39.3,37.1
6.2017822265625,0.76904296875,39.1,37.3
5.2130126953125,0.791015625,39.1,37.3
4.24072265625,0.8294677734375,38.9,37.3
3.7847900390625,0.81298828125,38.9,37.3
3.2464599609375,0.802001953125,38.9,37.5
2.9168701171875,0.791015625,38.9,37.5
2.4774169921875,0.7086181640625,38.7,37.3
2.0050048828125,0.6097412109375,38.7,37.5
