pitch,roll,forceLeft,forceRight
-0.692138671875,-0.10986328125,32.1,29.4
-0.692138671875,-0.1153564453125,31.9,29.4
-1.1700439453125,-0.087890625,31.9,29.4
-1.5765380859375,-0.0494384765625,31.9,29.7
-1.658935546875,-0.0274658203125,31.9,29.4
-1.845703125,-0.1812744140625,31.7,29.7
-2.1148681640625,-0.120849609375,31.7,29.7
-2.2467041015625,-0.1153564453125,31.7,29.7
-2.4005126953125,-0.0604248046875,31.7,29.7
-2.9388427734375,0,31.7,29.7
