pitch,roll,forceLeft,forceRight
-3.44970703125,0.5767822265625,39.8,16.2
-0.692138671875,-1.7742919921875,44.5,10.3
-0.8074951171875,-3.2080078125,43.6,11.2
-1.0272216796875,-3.251953125,43.2,11.7
-1.0821533203125,-3.2794189453125,42.9,11.7
