pitch,roll,forceLeft,forceRight
-0.6591796875,0.098876953125,32.1,29.4
5.2569580078125,0.24169921875,31.9,29.4
3.8836669921875,0.186767578125,31.9,29.4
3.328857421875,0.2362060546875,31.9,29.7
2.823486328125,0.263671875,31.9,29.4
2.625732421875,0.3021240234375,31.7,29.7
1.91162109375,0.274658203125,31.7,29.7
1.4501953125,0.2252197265625,31.7,29.7
1.3568115234375,0.186767578125,31.7,29.7
1.1700439453125,0.17578125,31.7,29.7
