pitch,roll,forceLeft,forceRight
0.41748046875,-0.032958984375,0.21,0.01
0.41748046875,-0.032958984375,0.21,0
-0.2471923828125,-0.19775390625,0.21,0
-0.252685546875,-0.252685546875,0.21,0
-0.1043701171875,-0.2801513671875,0.21,0.01
0.0164794921875,-0.4833984375,0.21,0.01
-0.0054931640625,-0.472412109375,0.21,0.01
0.0164794921875,-0.494384765625,0.21,0.01
0.076904296875,-0.4998779296875,0.21,0
0.0274658203125,-0.4779052734375,0.21,0
