pitch,roll,forceLeft,forceRight
-1.395263671875,-5.3778076171875,75.5,5.61
-1.7962646484375,-5.4547119140625,74.6,6.71
-2.0379638671875,-5.44921875,74.2,7.01
-2.4114990234375,-5.3338623046875,74.2,7.01
-2.65869140625,-5.218505859375,73.9,7.21
-3.2464599609375,-5.0592041015625,74.2,7.21
-3.66943359375,-4.822998046875,74.2,7.41
-4.053955078125,-4.5648193359375,73.9,7.41
-4.8065185546875,-4.2352294921875,73.9,7.41
-5.5645751953125,-3.9111328125,73.9,7.61
