pitch,roll,forceLeft,forceRight
-1.593017578125,-0.208740234375,52.8,43.2
-1.988525390625,-0.186767578125,51.5,42.9
-2.427978515625,-0.186767578125,51,43.2
-2.8564453125,-0.263671875,51,43.2
-3.153076171875,-0.2691650390625,51,43.2
-3.6859130859375,-0.2801513671875,50.8,43.2
-4.2022705078125,-0.2471923828125,50.8,43.2
-4.63623046875,-0.1702880859375,50.8,43.2
-5.4931640625,-0.186767578125,50.8,43.4
-6.35009765625,-0.2142333984375,50.8,43.2
