pitch,roll,forceLeft,forceRight
-0.889892578125,-0.252685546875,0.21,0.01
-1.439208984375,0.0494384765625,0.21,0
-1.5106201171875,0.17578125,0.21,0.01
-1.505126953125,0.230712890625,0.21,0
-1.5875244140625,0.2691650390625,0.21,0.01
-1.5765380859375,0.318603515625,0.21,0
-1.4886474609375,0.32958984375,0.21,0
-1.2799072265625,0.3460693359375,0.21,0.01
-1.021728515625,0.3460693359375,0.21,0.01
-0.845947265625,0.3240966796875,0.21,0.01
