pitch,roll,forceLeft,forceRight
9.7613525390625,0.538330078125,52.8,43.2
8.81103515625,0.6646728515625,51.5,42.9
7.7398681640625,0.6591796875,51,43.2
6.5203857421875,0.6591796875,51,43.2
5.361328125,0.626220703125,51,43.2
4.19677734375,0.6097412109375,50.8,43.2
3.3892822265625,0.5877685546875,50.8,43.2
2.625732421875,0.5438232421875,50.8,43.2
2.2027587890625,0.4888916015625,50.8,43.4
1.7303466796875,0.450439453125,50.8,43.2
