pitch,roll,forceLeft,forceRight
8.9813232421875,-0.6097412109375,75.5,5.61
7.8717041015625,-1.900634765625,74.6,6.71
6.43798828125,-2.52685546875,74.2,7.01
5.240478515625,-3.065185546875,74.2,7.01
4.3450927734375,-3.4002685546875,73.9,7.21
3.4661865234375,-3.702392578125,74.2,7.21
2.7850341796875,-3.0487060546875,74.2,7.41
2.1917724609375,-3.69140625,73.9,7.41
1.7962646484375,-4.273681640625,73.9,7.41
1.3677978515625,-4.669189453125,73.9,7.61
