pitch,roll,forceLeft,forceRight
0.1373291015625,-0.032958984375,0.21,0.01
0.1318359375,0.010986328125,0.21,0
0.230712890625,-0.0054931640625,0.21,0.01
0.252685546875,0.0054931640625,0.21,0
0.4339599609375,0.0274658203125,0.21,0.01
0.472412109375,0.0604248046875,0.21,0
0.6427001953125,0.0933837890625,0.21,0
0.90087890625,0.15380859375,0.21,0.01
1.087646484375,0.2197265625,0.21,0.01
1.307373046875,0.2197265625,0.21,0.01
