pitch,roll,forceLeft,forceRight
6.119384765625,0.5438232421875,37.8,31.7
5.3173828125,0.6646728515625,37.3,31.7
4.4989013671875,0.736083984375,37.3,31.7
3.6090087890625,0.76904296875,37.1,31.7
2.8729248046875,0.7855224609375,37.1,31.9
2.08740234375,0.76904296875,37.1,31.9
1.6973876953125,0.758056640625,37.1,31.9
1.38427734375,0.7415771484375,36.9,31.9
1.043701171875,0.714111328125,37.1,31.9
0.703125,0.692138671875,36.9,31.9
0.582275390625,0.6591796875,36.9,31.9
