pitch,roll,forceLeft,forceRight
5.526123046875,-0.4833984375,61.1,0.41
4.68017578125,-1.64794921875,60.9,0.91
3.9276123046875,-2.6531982421875,60.7,1.11
3.087158203125,-3.0816650390625,60.7,1.31
2.384033203125,-3.4002685546875,60.5,1.31
1.77978515625,-3.6749267578125,60.7,1.31
1.3568115234375,-3.944091796875,60.5,1.61
1.0601806640625,-4.1363525390625,60.5,1.61
0.8404541015625,-4.317626953125,60.5,1.61
0.626220703125,-4.4659423828125,60.5,1.61
0.439453125,-4.5867919921875,60.2,1.61
