pitch,roll,forceLeft,forceRight
-1.0052490234375,-4.9053955078125,61.1,0.41
-1.23046875,-4.9658203125,60.9,0.91
-1.461181640625,-4.910888671875,60.7,1.11
-1.571044921875,-4.8944091796875,60.7,1.31
-1.768798828125,-4.7900390625,60.5,1.31
-2.054443359375,-4.59228515625,60.7,1.31
-2.186279296875,-4.3505859375,60.5,1.61
-2.5103759765625,-4.0484619140625,60.5,1.61
-2.9168701171875,-3.680419921875,60.5,1.61
-3.6199951171875,-3.2958984375,60.5,1.61
-4.7900390625,-2.8564453125,60.2,1.61
