pitch,roll,forceLeft,forceRight
-1.1865234375,0.142822265625,37.8,31.7
-1.494140625,0.186767578125,37.3,31.7
-1.856689453125,0.142822265625,37.3,31.7
-1.95556640625,0.1153564453125,37.1,31.7
-2.1807861328125,0.120849609375,37.1,31.9
-2.471923828125,0.1153564453125,37.1,31.9
-2.8289794921875,0.164794921875,37.1,31.9
-3.1146240234375,0.1812744140625,36.9,31.9
-3.69140625,0.2581787109375,37.1,31.9
-4.5098876953125,0.142822265625,36.9,31.9
-5.6634521484375,-0.0604248046875,36.9,31.9
