pitch,roll,forceLeft,forceRight
-1.1920166015625,-0.1922607421875,-0.2,0
-1.636962890625,0.076904296875,-0.2,0
-1.6094970703125,0.19775390625,-0.2,0
-1.6644287109375,0.2691650390625,0,0
-1.636962890625,0.3515625,-0.2,0
-1.4996337890625,0.3680419921875,-0.2,0
-1.29638671875,0.3790283203125,-0.2,-0.2
-1.1480712890625,0.3900146484375,-0.2,0
-0.9393310546875,0.3900146484375,-0.2,-0.2
-0.7305908203125,0.4010009765625,0,0
-0.626220703125,0.3570556640625,-0.2,0
