pitch,roll,forceLeft,forceRight
0.1593017578125,0,-0.2,0
0.1318359375,-0.0054931640625,-0.2,0
0.2252197265625,0.02197265625,-0.2,0
0.3515625,0.0164794921875,0,0
0.46142578125,0.010986328125,-0.2,0
0.582275390625,0.0604248046875,-0.2,0
0.85693359375,0.1318359375,-0.2,-0.2
1.043701171875,0.1812744140625,-0.2,0
1.25244140625,0.19775390625,-0.2,-0.2
1.175537109375,0.1373291015625,0,0
0.9283447265625,0.0494384765625,-0.2,0
