pitch,roll,forceLeft,forceRight
-0.6207275390625,0.362548828125,0,0
-0.4998779296875,0.3570556640625,-0.2,0
-0.4833984375,0.3460693359375,-0.2,0
-0.362548828125,0.3460693359375,-0.2,0
-0.1922607421875,0.384521484375,-0.2,0
-0.10986328125,0.384521484375,-0.2,0
0.0494384765625,0.3790283203125,-0.2,0
0.1702880859375,0.37353515625,-0.2,0
0.2581787109375,0.3680419921875,0,0
0.296630859375,0.274658203125,-0.2,0
0.3131103515625,0.318603515625,-0.2,0
