pitch,roll,forceLeft,forceRight
-2.900390625,-2.098388671875,28.8,6.31
-3.33984375,-2.1038818359375,28.1,6.71
-3.812255859375,-1.944580078125,27.9,7.01
-4.2132568359375,-1.7962646484375,27.9,7.21
-4.471435546875,-1.6424560546875,27.6,7.21
-4.691162109375,-1.4996337890625,27.6,7.21
-4.81201171875,-1.373291015625,27.6,7.41
-4.866943359375,-1.23046875,27.6,7.41
-4.8504638671875,-1.0931396484375,27.6,7.41
-4.7900390625,-0.9228515625,27.6,7.41
-4.647216796875,-0.791015625,27.4,7.41
