pitch,roll,forceLeft,forceRight
-0.37353515625,-0.076904296875,0,0
-0.4559326171875,-0.06591796875,-0.2,0
-0.439453125,-0.0933837890625,-0.2,0
-0.3900146484375,-0.164794921875,-0.2,0
-0.3350830078125,-0.1043701171875,-0.2,0
-0.263671875,-0.10986328125,-0.2,0
-0.15380859375,-0.1153564453125,-0.2,0
-0.02197265625,-0.208740234375,-0.2,0
0.076904296875,-0.2197265625,0,0
0.2032470703125,-0.186767578125,-0.2,0
0.3076171875,-0.1922607421875,-0.2,0
