pitch,roll,forceLeft,forceRight
-3.1805419921875,-0.087890625,20.2,16
-3.75732421875,-0.1263427734375,19.8,16
-4.28466796875,-0.1483154296875,19.8,16.2
-4.713134765625,-0.186767578125,19.5,16.4
-5.042724609375,-0.2032470703125,19.5,16.4
-5.2734375,-0.230712890625,19.3,16.4
-5.438232421875,-0.3350830078125,19.3,16.4
-5.5316162109375,-0.362548828125,19.3,16.4
-5.504150390625,-0.3076171875,19.3,16.4
-5.44921875,-0.3350830078125,19.3,16.6
-5.2679443359375,-0.3515625,19.3,16.6
