pitch,roll,forceLeft,forceRight
4.954833984375,-0.1318359375,28.8,6.31
4.735107421875,-0.32958984375,28.1,6.71
4.7021484375,-0.4669189453125,27.9,7.01
4.5098876953125,-0.6536865234375,27.9,7.21
4.493408203125,-0.802001953125,27.6,7.21
4.273681640625,-0.9613037109375,27.6,7.21
4.0264892578125,-1.131591796875,27.6,7.41
3.790283203125,-1.23046875,27.6,7.41
3.3563232421875,-1.4447021484375,27.6,7.41
2.9608154296875,-1.5985107421875,27.6,7.41
2.4114990234375,-1.7413330078125,27.4,7.41
