pitch,roll,forceLeft,forceRight
5.701904296875,0.384521484375,20.2,16
5.5316162109375,0.3515625,19.8,16
5.460205078125,0.3515625,19.8,16.2
5.3338623046875,0.32958984375,19.5,16.4
5.218505859375,0.32958984375,19.5,16.4
5.009765625,0.3460693359375,19.3,16.4
4.822998046875,0.3350830078125,19.3,16.4
4.4769287109375,0.32958984375,19.3,16.4
3.944091796875,0.3240966796875,19.3,16.4
3.49365234375,0.3076171875,19.3,16.6
2.8619384765625,0.3021240234375,19.3,16.6
