pitch,roll,forceLeft,forceRight
0.0604248046875,-0.054931640625,0,0.01
0.0439453125,-0.0494384765625,0,0.21
0.0439453125,-0.0823974609375,0,0.01
0.19775390625,-0.1043701171875,0,0.01
0.362548828125,-0.1153564453125,-0.2,0
0.450439453125,-0.1263427734375,-0.2,0
0.538330078125,-0.1153564453125,-0.2,0
0.516357421875,-0.098876953125,-0.2,0.01
0.3955078125,-0.1043701171875,0,-0.2
-0.02197265625,-0.1483154296875,0,0.01
-0.670166015625,-0.230712890625,0,0
