pitch,roll,forceLeft,forceRight
-1.494140625,0.2691650390625,29.4,41.1
-1.8896484375,0.230712890625,29.9,40.9
-2.2412109375,0.2362060546875,30.1,40.7
-2.603759765625,0.208740234375,30.3,40.7
-2.8839111328125,0.1812744140625,30.1,40.7
-3.2354736328125,0.1318359375,30.3,40.5
-3.724365234375,0.10986328125,30.3,40.5
-4.2681884765625,0.098876953125,30.3,40.5
-4.41650390625,0.06591796875,30.3,40.5
-4.361572265625,0.010986328125,30.3,40.5
-4.306640625,-0.1263427734375,30.6,40.5
