pitch,roll,forceLeft,forceRight
-1.2744140625,-4.98779296875,55.5,10.1
-1.680908203125,-5.130615234375,54.6,11
-1.9390869140625,-5.086669921875,54.2,11.2
-2.21923828125,-5.0537109375,54.2,11.5
-2.5048828125,-4.94384765625,54.2,11.5
-2.7520751953125,-4.8834228515625,53.9,11.5
-3.240966796875,-4.779052734375,54.2,11.5
-3.9166259765625,-4.6087646484375,54.2,11.5
-4.4549560546875,-4.39453125,53.9,11.7
-4.6746826171875,-4.10888671875,53.9,11.7
-4.59228515625,-3.7298583984375,53.7,11.7
