pitch,roll,forceLeft,forceRight
9.2340087890625,0.120849609375,55.5,10.1
7.503662109375,-1.8402099609375,54.6,11
5.7843017578125,-2.515869140625,54.2,11.2
4.669189453125,-2.8070068359375,54.2,11.5
3.8836669921875,-3.0706787109375,54.2,11.5
3.065185546875,-3.240966796875,53.9,11.5
2.74658203125,-3.427734375,54.2,11.5
2.3345947265625,-3.58154296875,54.2,11.5
2.054443359375,-3.746337890625,53.9,11.7
1.69189453125,-3.922119140625,53.9,11.7
1.4337158203125,-4.1033935546875,53.7,11.7
