pitch,roll,forceLeft,forceRight
1.175537109375,0.802001953125,0,0.01
0.3900146484375,0.802001953125,0,0.21
-0.1812744140625,0.7965087890625,0,0.01
-0.5548095703125,0.8349609375,0,0.01
-0.7196044921875,0.9063720703125,-0.2,0
-0.966796875,0.9393310546875,-0.2,0
-0.87890625,0.955810546875,-0.2,0
-0.780029296875,0.9283447265625,-0.2,0.01
-0.582275390625,0.9228515625,0,-0.2
-0.52734375,0.8843994140625,0,0.01
-0.4669189453125,0.780029296875,0,0
