pitch,roll,forceLeft,forceRight
10.118408203125,0.8349609375,29.4,41.1
8.1793212890625,0.9832763671875,29.9,40.9
6.7620849609375,1.0546875,30.1,40.7
5.4656982421875,1.142578125,30.3,40.7
4.6197509765625,1.2249755859375,30.1,40.7
3.7298583984375,1.3018798828125,30.3,40.5
3.27392578125,1.3128662109375,30.3,40.5
2.779541015625,1.3348388671875,30.3,40.5
2.4169921875,1.318359375,30.3,40.5
2.08740234375,1.2579345703125,30.3,40.5
1.5875244140625,1.175537109375,30.6,40.5
