pitch,roll,forceLeft,forceRight
-2.164306640625,-0.8624267578125,0,0.01
0.098876953125,0.0054931640625,-0.2,0.01
0.186767578125,0,0,0.01
0.24169921875,0.010986328125,0,0.01
0.4449462890625,0,0,0.01
0.472412109375,0.0164794921875,0,0.01
0.6976318359375,0.0933837890625,0,0.01
0.9722900390625,0.1593017578125,-0.2,0
1.1700439453125,0.208740234375,-0.2,0.01
1.29638671875,0.2252197265625,-0.2,0
