pitch,roll,forceLeft,forceRight
-1.3018798828125,-4.8065185546875,70.4,8.11
-1.64794921875,-4.9053955078125,69.5,9.21
-1.9720458984375,-4.9273681640625,69.2,9.41
-2.3236083984375,-4.833984375,69.2,9.71
-2.5543212890625,-4.7186279296875,69,9.71
-3.021240234375,-4.59228515625,69,9.91
-3.44970703125,-4.3505859375,69,10.1
-3.8397216796875,-4.10888671875,69,10.1
-4.5758056640625,-3.8067626953125,69,10.1
-5.3997802734375,-3.4716796875,69,10.3
