pitch,roll,forceLeft,forceRight
9.3548583984375,0.4888916015625,42,50.8
8.3770751953125,0.7305908203125,42.3,49.9
7.3828125,0.8843994140625,42.5,49.7
6.35009765625,0.977783203125,42.5,49.4
5.1690673828125,0.999755859375,42.5,49.4
4.1802978515625,1.0382080078125,42.5,49.4
3.3782958984375,1.0162353515625,42.5,49.4
2.7301025390625,1.0546875,42.7,49.2
2.2137451171875,1.0272216796875,42.7,49.2
1.6644287109375,1.0162353515625,42.7,49
