pitch,roll,forceLeft,forceRight
8.5308837890625,-0.3900146484375,70.4,8.11
7.5750732421875,-1.8017578125,69.5,9.21
6.470947265625,-2.1917724609375,69.2,9.41
5.44921875,-2.5927734375,69.2,9.71
4.493408203125,-2.96630859375,69,9.71
3.460693359375,-3.251953125,69,9.91
2.70263671875,-3.53759765625,69,10.1
2.2027587890625,-3.7738037109375,69,10.1
1.69189453125,-3.9715576171875,69,10.1
1.3018798828125,-4.1253662109375,69,10.3
