pitch,roll,forceLeft,forceRight
-1.4776611328125,0.24169921875,42,50.8
-1.86767578125,0.274658203125,42.3,49.9
-2.274169921875,0.2801513671875,42.5,49.7
-2.6641845703125,0.2581787109375,42.5,49.4
-2.977294921875,0.263671875,42.5,49.4
-3.4881591796875,0.252685546875,42.5,49.4
-3.93310546875,0.230712890625,42.5,49.4
-4.4110107421875,0.2362060546875,42.7,49.2
-5.218505859375,0.2471923828125,42.7,49.2
-6.04248046875,0.15380859375,42.7,49
