pitch,roll,forceLeft,forceRight
-0.87890625,-0.3350830078125,0,0.01
-1.4886474609375,0,-0.2,0.01
-1.42822265625,0.10986328125,0,0.01
-1.571044921875,0.2581787109375,0,0.01
-1.571044921875,0.3131103515625,0,0.01
-1.5985107421875,0.362548828125,0,0.01
-1.4227294921875,0.362548828125,0,0.01
-1.2744140625,0.3790283203125,-0.2,0
-1.065673828125,0.4010009765625,-0.2,0.01
-0.9063720703125,0.384521484375,-0.2,0
