pitch,roll,forceLeft,forceRight
-2.2796630859375,0.2197265625,37.8,44.5
-2.274169921875,0.2362060546875,38,43.6
-2.757568359375,0.3131103515625,38.2,43.6
-3.0377197265625,0.340576171875,38.4,43.6
-3.4002685546875,0.318603515625,38.4,43.6
-3.7408447265625,0.3240966796875,38.4,43.4
-4.1363525390625,0.3680419921875,38.4,43.6
-4.5977783203125,0.3240966796875,38.7,43.6
-5.3338623046875,0.3240966796875,38.7,43.6
-5.723876953125,0.32958984375,38.7,43.4
