pitch,roll,forceLeft,forceRight
1.0382080078125,-0.10986328125,0,0.01
1.0382080078125,-0.10986328125,0,0.01
-0.560302734375,-0.1373291015625,-0.2,0.01
-1.724853515625,-0.15380859375,0,0
-1.93359375,-0.087890625,-0.2,0.01
-1.7413330078125,-0.0604248046875,-0.2,0
-1.69189453125,-0.0494384765625,0,0.01
-1.4776611328125,0.010986328125,0,0.01
-1.3623046875,0.0164794921875,0,0
-1.3018798828125,0,-0.2,0
