pitch,roll,forceLeft,forceRight
-1.5765380859375,-4.844970703125,71,6.51
-1.8292236328125,-4.94384765625,70.1,7.21
-2.1588134765625,-4.8614501953125,70.1,7.41
-2.449951171875,-4.757080078125,69.9,7.61
-2.713623046875,-4.658203125,69.9,7.91
-3.197021484375,-4.449462890625,69.9,7.91
-3.515625,-4.207763671875,69.9,8.11
-4.0045166015625,-3.9276123046875,69.7,8.11
-4.7735595703125,-3.548583984375,69.7,8.11
-5.7568359375,-3.1915283203125,69.7,7.91
-7.0587158203125,-2.7630615234375,69.7,8.11
