pitch,roll,forceLeft,forceRight
0.164794921875,0,0,0
0.1373291015625,0,0,0
0.17578125,0.0384521484375,0,0.01
0.3570556640625,0.0164794921875,0,0
0.4669189453125,0.0054931640625,0,0.21
0.6591796875,0.0439453125,0.01,0.01
0.87890625,0.1263427734375,-0.2,0.01
1.0546875,0.1812744140625,0,0
1.2579345703125,0.19775390625,-0.2,0
1.1920166015625,0.1373291015625,0,0.01
1.0272216796875,-0.0274658203125,0,0
