pitch,roll,forceLeft,forceRight
-1.153564453125,-0.2362060546875,0,0
-1.680908203125,0.0384521484375,0,0
-1.6973876953125,0.186767578125,0,0.01
-1.6754150390625,0.2581787109375,0,0
-1.5765380859375,0.3570556640625,0,0.21
-1.56005859375,0.3790283203125,0.01,0.01
-1.3677978515625,0.384521484375,-0.2,0.01
-1.153564453125,0.3900146484375,0,0
-0.955810546875,0.384521484375,-0.2,0
-0.802001953125,0.384521484375,0,0.01
-0.6207275390625,0.3570556640625,0,0
