pitch,roll,forceLeft,forceRight
8.140869140625,-0.1812744140625,71,6.51
7.14111328125,-1.9830322265625,70.1,7.21
6.0260009765625,-2.5762939453125,70.1,7.41
4.89990234375,-2.977294921875,69.9,7.61
3.8067626953125,-3.306884765625,69.9,7.91
2.955322265625,-3.570556640625,69.9,7.91
2.3895263671875,-3.8232421875,69.9,8.11
1.900634765625,-4.04296875,69.7,8.11
1.461181640625,-4.2352294921875,69.7,8.11
1.142578125,-4.383544921875,69.7,7.91
0.8294677734375,-4.515380859375,69.7,8.11
