pitch,roll,forceLeft,forceRight
-1.7852783203125,0.2581787109375,42.7,44.7
-2.13134765625,0.252685546875,43.2,44.3
-2.5323486328125,0.2581787109375,43.4,44.3
-2.8399658203125,0.2581787109375,43.4,44.1
-3.1805419921875,0.24169921875,43.4,44.1
-3.6474609375,0.252685546875,43.4,44.3
-4.075927734375,0.274658203125,43.6,44.1
-4.669189453125,0.2801513671875,43.8,44.1
-5.482177734375,0.3460693359375,43.6,44.1
-6.5478515625,0.208740234375,43.8,44.1
-7.9595947265625,-0.0054931640625,43.6,43.8
