pitch,roll,forceLeft,forceRight
8.975830078125,0.615234375,42.7,44.7
7.8607177734375,0.823974609375,43.2,44.3
6.7510986328125,0.911865234375,43.4,44.3
5.5096435546875,0.9228515625,43.4,44.1
4.383544921875,0.9613037109375,43.4,44.1
3.4332275390625,0.9613037109375,43.4,44.3
2.8070068359375,0.9283447265625,43.6,44.1
2.2247314453125,0.9063720703125,43.8,44.1
1.77978515625,0.889892578125,43.6,44.1
1.3677978515625,0.8624267578125,43.8,44.1
1.065673828125,0.823974609375,43.6,43.8
