pitch,roll,forceLeft,forceRight
-0.889892578125,-0.19775390625,0.01,0.01
-1.51611328125,0.0933837890625,0,0.01
-1.56005859375,0.17578125,0,0.01
-1.571044921875,0.230712890625,0,0.01
-1.5545654296875,0.28564453125,-0.2,0
-1.51611328125,0.3021240234375,0,0.01
-1.3018798828125,0.296630859375,0,0.01
-1.175537109375,0.3131103515625,0,0.01
-0.955810546875,0.318603515625,0,0
-0.8184814453125,0.3131103515625,0,0.01
-0.6591796875,0.274658203125,0,0.01
