pitch,roll,forceLeft,forceRight
-1.4996337890625,-1.658935546875,0.01,0.01
-1.82373046875,0.5987548828125,0,0.01
-1.318359375,0.41748046875,0,0.01
-0.439453125,0.142822265625,0,0.01
0.472412109375,0.0054931640625,-0.2,0
0.59326171875,0.0714111328125,0,0.01
0.889892578125,0.186767578125,0,0.01
1.0382080078125,0.208740234375,0,0.01
1.2799072265625,0.1922607421875,0,0
1.20849609375,0.1318359375,0,0.01
1.03271484375,0.1812744140625,0,0.01
