pitch,roll,forceLeft,forceRight
-1.505126953125,-5.3338623046875,74.4,4.01
-1.812744140625,-5.4217529296875,73.7,4.71
-2.2576904296875,-5.4107666015625,73.5,4.91
-2.537841796875,-5.2679443359375,73.5,5.21
-2.87841796875,-5.16357421875,73.3,5.41
-3.40576171875,-4.8779296875,73.3,5.41
-3.768310546875,-4.6527099609375,73.3,5.61
-4.2626953125,-4.4000244140625,73,5.81
-5.0372314453125,-3.9935302734375,73,5.81
-6.0809326171875,-3.6419677734375,72.8,5.81
-7.55859375,-3.1915283203125,72.8,6.11
