pitch,roll,forceLeft,forceRight
8.118896484375,-0.63720703125,74.4,4.01
7.0147705078125,-0.2252197265625,73.7,4.71
5.888671875,-1.966552734375,73.5,4.91
4.7845458984375,-3.14208984375,73.5,5.21
3.724365234375,-3.043212890625,73.3,5.41
2.900390625,-3.8671875,73.3,5.41
2.274169921875,-3.4002685546875,73.3,5.61
1.8511962890625,-3.9276123046875,73,5.81
1.38427734375,-4.4110107421875,73,5.81
1.043701171875,-4.6142578125,72.8,5.81
0.81298828125,-4.493408203125,72.8,6.11
