pitch,roll,forceLeft,forceRight
8.9923095703125,0.6207275390625,51.5,40.7
7.9046630859375,0.604248046875,50.1,40.5
6.7840576171875,0.6097412109375,49.9,40.7
5.6524658203125,0.5657958984375,49.9,40.7
4.471435546875,0.538330078125,49.7,40.7
3.4716796875,0.703125,49.4,40.7
2.8179931640625,0.4559326171875,49.4,40.7
2.28515625,0.6097412109375,49.7,40.9
1.6973876953125,0.3955078125,49.4,40.9
1.4117431640625,0.6207275390625,49.4,40.9
1.0711669921875,0.8734130859375,49.4,40.9
