pitch,roll,forceLeft,forceRight
-0.911865234375,-5.2734375,57.5,10.6
-1.285400390625,-5.438232421875,56.6,11.5
-1.5985107421875,-5.3997802734375,56.4,11.7
-1.9775390625,-5.350341796875,56.2,11.7
-2.2906494140625,-5.284423828125,56.2,11.9
-2.5103759765625,-5.2459716796875,56.2,11.9
-2.9718017578125,-5.152587890625,56.2,11.9
-3.7847900390625,-4.9603271484375,56.2,12.1
-4.63623046875,-4.76806640625,56.2,12.1
-5.745849609375,-4.5648193359375,56,12.1
-7.31689453125,-4.2022705078125,56,12.6
