pitch,roll,forceLeft,forceRight
9.700927734375,-0.0384521484375,57.5,10.6
7.7288818359375,-2.021484375,56.6,11.5
6.2237548828125,-2.63671875,56.4,11.7
5.020751953125,-2.98828125,56.2,11.7
4.141845703125,-3.31787109375,56.2,11.9
3.4552001953125,-3.460693359375,56.2,11.9
3.087158203125,-3.62548828125,56.2,11.9
2.6641845703125,-3.8067626953125,56.2,12.1
2.3675537109375,-3.9605712890625,56.2,12.1
2.010498046875,-4.1473388671875,56,12.1
1.5545654296875,-4.339599609375,56,12.6
