pitch,roll,forceLeft,forceRight
-0.0439453125,0.0439453125,-0.2,0.01
-0.010986328125,0.010986328125,0,0.01
0.02197265625,-0.0054931640625,0,0.01
0.0823974609375,-0.032958984375,-0.2,0.01
0.1702880859375,-0.0384521484375,-0.2,0
0.3240966796875,-0.0604248046875,0,0.01
0.4339599609375,-0.0604248046875,-0.2,0
0.4669189453125,-0.0494384765625,0,0.01
0.428466796875,-0.032958984375,-0.2,0.01
0.087890625,-0.0439453125,0,0.01
-0.406494140625,-0.142822265625,0,0.01
