pitch,roll,forceLeft,forceRight
1.197509765625,0.8404541015625,-0.2,0.01
0.3900146484375,0.8404541015625,0,0.01
-0.1702880859375,0.8404541015625,0,0.01
-0.560302734375,0.8624267578125,-0.2,0.01
-0.6976318359375,0.9228515625,-0.2,0
-0.9722900390625,0.955810546875,0,0.01
-0.8843994140625,0.9942626953125,-0.2,0
-0.7745361328125,0.9613037109375,0,0.01
-0.5877685546875,0.9613037109375,-0.2,0.01
-0.54931640625,0.87890625,0,0.01
-0.4833984375,0.81298828125,0,0.01
