pitch,roll,forceLeft,forceRight
10.37109375,0.8184814453125,31.9,41.8
8.6572265625,0.87890625,32.1,41.1
7.1356201171875,0.911865234375,32.4,41.1
5.8392333984375,0.9832763671875,32.4,41.1
5.0701904296875,1.0272216796875,32.4,41.1
4.010009765625,1.0931396484375,32.6,41.1
3.5760498046875,1.0986328125,32.6,40.9
3.14208984375,1.0931396484375,32.4,40.9
2.735595703125,1.0711669921875,32.6,41.1
2.362060546875,1.021728515625,32.4,40.9
1.922607421875,0.94482421875,32.6,40.7
