pitch,roll,forceLeft,forceRight
-1.2744140625,0.1153564453125,31.9,41.8
-1.505126953125,0.098876953125,32.1,41.1
-2.1038818359375,0.010986328125,32.4,41.1
-2.5433349609375,-0.0164794921875,32.4,41.1
-2.9168701171875,-0.0823974609375,32.4,41.1
-3.2684326171875,-0.1483154296875,32.6,41.1
-3.768310546875,-0.230712890625,32.6,40.9
-4.658203125,-0.274658203125,32.4,40.9
-5.723876953125,-0.37353515625,32.6,41.1
-7.108154296875,-0.4888916015625,32.4,40.9
-8.9154052734375,-0.648193359375,32.6,40.7
