pitch,roll,forceLeft,forceRight
-1.1041259765625,-5.0372314453125,53,7.21
-1.439208984375,-5.174560546875,52.1,7.91
-1.614990234375,-5.20751953125,51.9,8.11
-1.845703125,-5.1800537109375,51.7,8.11
-2.0599365234375,-5.07568359375,51.7,8.31
-2.2467041015625,-4.998779296875,51.7,8.31
-2.625732421875,-4.8944091796875,51.5,8.51
-3.2354736328125,-4.7021484375,51.5,8.51
-3.8671875,-4.4769287109375,51.5,8.51
-4.4659423828125,-4.1802978515625,51.5,8.51
-4.625244140625,-3.7847900390625,51.2,8.81
