pitch,roll,forceLeft,forceRight
8.9373779296875,0.791015625,27.6,38
7.1246337890625,0.9228515625,28.1,37.5
5.811767578125,0.966796875,28.1,37.5
4.625244140625,1.0382080078125,28.3,37.3
3.8836669921875,1.12060546875,28.3,37.3
3.065185546875,1.1920166015625,28.5,37.3
2.65869140625,1.2030029296875,28.3,37.3
2.252197265625,1.20849609375,28.3,37.3
1.9500732421875,1.20849609375,28.5,37.3
1.680908203125,1.153564453125,28.5,37.1
1.307373046875,1.0272216796875,28.8,37.3
