pitch,roll,forceLeft,forceRight
1.1700439453125,0.802001953125,-0.2,-0.2
0.3680419921875,0.845947265625,-0.2,0
-0.1922607421875,0.823974609375,-0.2,0
-0.560302734375,0.85693359375,-0.2,0
-0.736083984375,0.9228515625,-0.2,0
-0.9722900390625,0.955810546875,-0.2,0
-0.87890625,0.9832763671875,-0.2,0
-0.791015625,0.9393310546875,-0.2,0
-0.604248046875,0.9503173828125,-0.2,0
-0.52734375,0.8843994140625,-0.2,0
-0.4833984375,0.7965087890625,-0.2,0
