pitch,roll,forceLeft,forceRight
8.0255126953125,-0.1043701171875,53,7.21
6.4434814453125,-1.812744140625,52.1,7.91
4.9383544921875,-2.5543212890625,51.9,8.11
3.8836669921875,-2.889404296875,51.7,8.11
3.1805419921875,-3.2025146484375,51.7,8.31
2.4169921875,-3.3782958984375,51.7,8.31
2.17529296875,-3.5540771484375,51.5,8.51
1.8951416015625,-3.724365234375,51.5,8.51
1.6754150390625,-3.8616943359375,51.5,8.51
1.40625,-4.0374755859375,51.5,8.51
1.12060546875,-4.2352294921875,51.2,8.81
