pitch,roll,forceLeft,forceRight
0.0494384765625,-0.0494384765625,-0.2,-0.2
0.0384521484375,-0.0384521484375,-0.2,0
0.0439453125,-0.0714111328125,-0.2,0
0.1153564453125,-0.0933837890625,-0.2,0
0.274658203125,-0.1043701171875,-0.2,0
0.4449462890625,-0.10986328125,-0.2,0
0.46142578125,-0.1153564453125,-0.2,0
0.4998779296875,-0.098876953125,-0.2,0
0.384521484375,-0.098876953125,-0.2,0
-0.054931640625,-0.142822265625,-0.2,0
-0.7196044921875,-0.24169921875,-0.2,0
