pitch,roll,forceLeft,forceRight
-1.3568115234375,0.1373291015625,27.6,38
-1.680908203125,0.1483154296875,28.1,37.5
-1.9830322265625,0.1263427734375,28.1,37.5
-2.2796630859375,0.0714111328125,28.3,37.3
-2.5103759765625,0.0604248046875,28.3,37.3
-2.779541015625,0.0274658203125,28.5,37.3
-3.262939453125,0,28.3,37.3
-3.8671875,-0.02197265625,28.3,37.3
-4.41650390625,-0.02197265625,28.5,37.3
-4.4769287109375,-0.06591796875,28.5,37.1
-4.5208740234375,-0.1812744140625,28.8,37.3
