pitch,roll,forceLeft,forceRight
-0.3790283203125,-0.10986328125,-0.2,0
-0.439453125,-0.0933837890625,0,0
-0.406494140625,-0.087890625,0,0
-0.3790283203125,-0.087890625,-0.2,0
-0.3131103515625,-0.120849609375,-0.2,0
-0.208740234375,-0.10986328125,-0.2,0
-0.1373291015625,-0.1318359375,-0.2,0
-0.0274658203125,-0.120849609375,0,0
0.098876953125,-0.142822265625,-0.2,0
0.2142333984375,-0.164794921875,-0.2,0
0.32958984375,-0.1922607421875,-0.2,0
