pitch,roll,forceLeft,forceRight
-3.262939453125,0.0823974609375,13,21.6
-3.900146484375,0.032958984375,13.3,21.3
-4.4384765625,0.076904296875,13.7,21.1
-4.81201171875,-0.0054931640625,13.7,21.1
-5.20751953125,0,13.7,21.1
-5.4547119140625,-0.0274658203125,13.7,21.1
-5.5975341796875,-0.0933837890625,13.7,20.9
-5.6744384765625,-0.1373291015625,13.7,20.9
-5.6634521484375,-0.186767578125,13.9,20.9
-5.570068359375,-0.2142333984375,13.9,20.9
-5.3338623046875,-0.2691650390625,13.9,20.9
