pitch,roll,forceLeft,forceRight
-0.516357421875,0.362548828125,-0.2,0
-0.5767822265625,0.3570556640625,0,0
-0.50537109375,0.3460693359375,0,0
-0.384521484375,0.340576171875,-0.2,0
-0.2252197265625,0.32958984375,-0.2,0
-0.0714111328125,0.32958984375,-0.2,0
0.0274658203125,0.32958984375,-0.2,0
0.1593017578125,0.384521484375,0,0
0.2581787109375,0.3680419921875,-0.2,0
0.296630859375,0.3131103515625,-0.2,0
0.2911376953125,0.296630859375,-0.2,0
