pitch,roll,forceLeft,forceRight
5.1031494140625,0.032958984375,26.1,9.71
4.9383544921875,-0.10986328125,25.4,10.3
4.8175048828125,-0.186767578125,25.2,10.6
4.713134765625,-0.3131103515625,24.9,10.8
4.603271484375,-0.4119873046875,24.9,10.8
4.4439697265625,-0.5108642578125,24.7,10.8
4.2681884765625,-0.5712890625,24.7,10.8
3.8946533203125,-0.7305908203125,24.7,11
3.5211181640625,-0.8184814453125,24.7,11
3.0706787109375,-0.9173583984375,24.7,11
2.5543212890625,-1.07666015625,24.5,11
