pitch,roll,forceLeft,forceRight
-2.9608154296875,-1.3897705078125,26.1,9.71
-3.394775390625,-1.4337158203125,25.4,10.3
-3.9056396484375,-1.3458251953125,25.2,10.6
-4.295654296875,-1.2359619140625,24.9,10.8
-4.5867919921875,-1.2139892578125,24.9,10.8
-4.8175048828125,-1.0382080078125,24.7,10.8
-4.9383544921875,-0.955810546875,24.7,10.8
-4.98779296875,-0.889892578125,24.7,11
-4.998779296875,-0.802001953125,24.7,11
-5.174560546875,-0.5548095703125,24.7,11
-4.735107421875,-0.52734375,24.5,11
