pitch,roll,forceLeft,forceRight
5.888671875,0.406494140625,13,21.6
5.745849609375,0.3790283203125,13.3,21.3
5.7568359375,0.4010009765625,13.7,21.1
5.6304931640625,0.41748046875,13.7,21.1
5.4107666015625,0.4779052734375,13.7,21.1
5.2020263671875,0.50537109375,13.7,21.1
4.89990234375,0.5438232421875,13.7,20.9
4.5208740234375,0.5712890625,13.7,20.9
4.1473388671875,0.5712890625,13.9,20.9
3.603515625,0.5877685546875,13.9,20.9
2.977294921875,0.59326171875,13.9,20.9
