pitch,roll,forceLeft,forceRight
-1.3787841796875,-0.0494384765625,45.4,32.6
-1.7138671875,-0.032958984375,44.9,32.8
-2.1368408203125,-0.0933837890625,44.7,32.8
-2.384033203125,-0.0054931640625,44.5,32.8
-2.70263671875,0.010986328125,44.5,32.8
-3.076171875,0.0604248046875,44.5,33
-3.394775390625,0.1318359375,44.5,32.8
-3.856201171875,0.208740234375,44.3,33
-4.5977783203125,0.3131103515625,44.3,32.8
-5.51513671875,0.2471923828125,44.3,32.8
-6.7950439453125,0.24169921875,44.1,32.8
