pitch,roll,forceLeft,forceRight
-1.1810302734375,-5.284423828125,68.6,0.91
-1.5325927734375,-5.3228759765625,68.3,1.61
-1.82373046875,-5.2459716796875,68.1,1.61
-2.0269775390625,-5.1031494140625,67.9,1.81
-2.274169921875,-5.0811767578125,67.7,1.81
-2.5927734375,-4.9163818359375,67.4,2.01
-2.8399658203125,-4.647216796875,67.7,2.01
-3.262939453125,-4.32861328125,67.7,2.01
-3.88916015625,-3.922119140625,67.7,2.21
-4.72412109375,-3.53759765625,67.7,2.21
-5.9490966796875,-3.0487060546875,67.7,2.21
