pitch,roll,forceLeft,forceRight
6.910400390625,-0.5767822265625,68.6,0.91
5.9490966796875,-2.08740234375,68.3,1.61
4.9658203125,-2.8619384765625,68.1,1.61
3.966064453125,-3.262939453125,67.9,1.81
3.1640625,-3.62548828125,67.7,1.81
2.3565673828125,-3.93310546875,67.4,2.01
1.91162109375,-4.207763671875,67.7,2.01
1.5106201171875,-4.4329833984375,67.7,2.01
1.1920166015625,-4.6142578125,67.7,2.21
0.9722900390625,-4.7900390625,67.7,2.21
0.7305908203125,-4.9163818359375,67.7,2.21
