pitch,roll,forceLeft,forceRight
7.3992919921875,0.41748046875,45.4,32.6
6.5478515625,0.52734375,44.9,32.8
5.657958984375,0.582275390625,44.7,32.8
4.5428466796875,0.5712890625,44.5,32.8
3.6859130859375,0.5712890625,44.5,32.8
2.83447265625,0.538330078125,44.5,33
2.26318359375,0.5712890625,44.5,32.8
1.7633056640625,0.4833984375,44.3,33
1.4007568359375,0.450439453125,44.3,32.8
1.0821533203125,0.4010009765625,44.3,32.8
0.8404541015625,0.3680419921875,44.1,32.8
