pitch,roll,forceLeft,forceRight
0.15380859375,0,0,0
0.2032470703125,0.0274658203125,-0.2,0.01
0.17578125,0.0384521484375,-0.2,0
0.384521484375,0.0384521484375,-0.2,0
0.450439453125,0.0054931640625,-0.2,0
0.59326171875,0.06591796875,-0.2,0.01
0.8953857421875,0.164794921875,-0.2,0
1.043701171875,0.1812744140625,0,0.01
1.3238525390625,0.1922607421875,0,0
1.1810302734375,0.1318359375,0,0
1.07666015625,0.010986328125,0,0
