pitch,roll,forceLeft,forceRight
-1.1370849609375,-0.2197265625,0,0
-1.571044921875,0.06591796875,-0.2,0.01
-1.593017578125,0.1812744140625,-0.2,0
-1.658935546875,0.252685546875,-0.2,0
-1.58203125,0.32958984375,-0.2,0
-1.571044921875,0.3680419921875,-0.2,0.01
-1.3677978515625,0.3790283203125,-0.2,0
-1.1590576171875,0.384521484375,0,0.01
-0.9393310546875,0.3790283203125,0,0
-0.780029296875,0.3900146484375,0,0
-0.626220703125,0.3570556640625,0,0
