pitch,roll,forceLeft,forceRight
0.4010009765625,-0.1043701171875,0,0
0.4010009765625,-0.1043701171875,-0.2,0
0.098876953125,-0.208740234375,0,0
0.230712890625,-0.2197265625,-0.2,0.01
0.4229736328125,-0.2032470703125,0,0
0.1922607421875,-0.406494140625,0,0
0.4339599609375,-0.37353515625,0,0
0.6646728515625,-0.4229736328125,-0.2,0
1.0601806640625,-0.406494140625,-0.2,0
0.933837890625,-0.4229736328125,0,0
