pitch,roll,forceLeft,forceRight
1.2469482421875,0.2691650390625,62.9,0
5.306396484375,0.0054931640625,63.4,0.01
3.8946533203125,-1.0382080078125,63.2,0
3.27392578125,-1.5380859375,63.4,0
2.7850341796875,-1.6973876953125,63.6,0
2.559814453125,-1.7742919921875,63.6,0
1.8072509765625,-1.8841552734375,63.4,0.01
1.3128662109375,-1.9940185546875,65.6,0.01
1.2744140625,-2.21923828125,65.4,0.01
1.142578125,-2.26318359375,65.4,0
