pitch,roll,forceLeft,forceRight
-1.3568115234375,-0.10986328125,0,0
-1.3568115234375,-0.1153564453125,-0.2,0
-2.1258544921875,-0.076904296875,0,0
-1.8292236328125,-0.032958984375,-0.2,0.01
-1.6424560546875,0.054931640625,0,0
-1.2249755859375,0.120849609375,0,0
-1.4501953125,0.1373291015625,0,0
-1.4007568359375,0.098876953125,-0.2,0
-1.109619140625,0.054931640625,-0.2,0
-0.9393310546875,0.0604248046875,0,0
