pitch,roll,forceLeft,forceRight
-0.7470703125,-0.120849609375,33.7,30.3
-0.7470703125,-0.1153564453125,33.5,30.3
-1.3238525390625,-0.1318359375,33.5,30.3
-1.6424560546875,-0.10986328125,33.3,30.6
-1.812744140625,-0.076904296875,33.3,30.6
-1.9830322265625,-0.054931640625,33.3,30.6
-2.296142578125,-0.1263427734375,33.3,30.6
-2.4334716796875,-0.087890625,33,30.8
-2.6971435546875,-0.0384521484375,33,30.8
-3.40576171875,-0.0384521484375,33,30.6
