pitch,roll,forceLeft,forceRight
2.79052734375,-0.0714111328125,0,2.71
2.493896484375,0.010986328125,0.01,2.71
2.2027587890625,0.010986328125,0,2.71
1.9061279296875,0.0274658203125,0,2.71
1.6644287109375,0.0494384765625,0,2.71
1.4886474609375,0.0714111328125,0,2.71
1.4117431640625,0.076904296875,0,2.51
