pitch,roll,forceLeft,forceRight
-0.4339599609375,0.010986328125,0,-0.2
-1.0821533203125,0,0,-0.2
-1.1041259765625,0.0054931640625,0,-0.2
