pitch,roll,forceLeft,forceRight
-1.0821533203125,0.076904296875,0,-0.2
-1.1865234375,0.2032470703125,0,-0.2
-1.3238525390625,0.28564453125,0,-0.2
-1.4337158203125,0.37353515625,0.01,-0.2
-1.6644287109375,0.494384765625,0,-0.2
