milimeters,N*(m^2)
0,145.503713513328
50,133.883851913449
100,155.049799089801
150,161.127144699745
200,141.769866985286
250,131.799916264018
300,113.016282062833
350,203.828237597081
400,51.9683367361364
450,56.871114686268
500,Inf
550,Inf
600,Inf
650,Inf
700,78.5867334770558
750,74.427202495
800,502.276024258794
850,440.231405942314
900,396.772565677602
950,812.490764499613
1000,944.598177548262
1050,882.476433037822
1100,1617.58594389172
1150,1488.63242482097
1200,1835.22946099923
