milimeters,N*(m^2)
0,35.3657295728335
75,35.0619961683226
150,49.2411355661871
225,39.7085248024001
