milimeters,N*(m^2)
0,82.0867134653423
75,134.543536418388
150,192.696420470807
225,256.080786039704
300,365.828322535038
375,426.974794969332
450,533.888107639752
525,468.736342513831
600,413.685555340186
675,479.247779346147
750,456.210841878444
825,378.403696176718
900,314.074247172379
975,252.269130784478
1050,166.900489568438
1125,92.7954587256957
