milimeters,N*(m^2)
0,-127.9585357483
50,-203.421261958837
