pitch,roll,forceLeft,forceRight
6.9049072265625,0.692138671875,33.3,34.6
8.052978515625,0.911865234375,32.8,34.8
6.4324951171875,1.065673828125,32.8,34.8
10.9368896484375,0.648193359375,32.6,34.8
8.3001708984375,0.87890625,32.4,34.8
10.8819580078125,0.6646728515625,32.4,34.8
8.3221435546875,0.8734130859375,32.4,34.8
