pitch,roll,forceLeft,forceRight
2.1588134765625,0.32958984375,0.21,0.21
2.0379638671875,0.1922607421875,0.21,0.01
1.834716796875,0.1702880859375,0.21,0.01
1.790771484375,0.087890625,0.01,0.21
1.834716796875,-0.28564453125,0.01,0.01
