pitch,roll,forceLeft,forceRight
0.87890625,0.85693359375,47,0.71
3.306884765625,-0.6646728515625,46.5,0.91
2.0159912109375,-1.1865234375,46.3,0.71
1.77978515625,-1.593017578125,46.5,0.91
1.5106201171875,-1.9390869140625,46.5,0.91
1.4886474609375,-1.8951416015625,46.3,0.71
0.9173583984375,-1.922607421875,46.5,0.71
0.5987548828125,-2.9718017578125,46.3,0.91
0.6646728515625,-2.801513671875,46.3,0.71
-0.252685546875,-3.80126953125,46.3,0.71
