pitch,roll,forceLeft,forceRight
-1.1920166015625,-0.41748046875,-0.2,0
-1.197509765625,-0.4119873046875,0,0
-2.1258544921875,-0.24169921875,-0.2,0.01
-3.043212890625,-0.10986328125,0,0.01
-1.7083740234375,0,0,0
-1.2359619140625,0.054931640625,0,0
-1.3677978515625,0.10986328125,0,0
-1.3787841796875,0.0933837890625,0,0.01
-1.03271484375,0.087890625,0,0.01
-1.16455078125,0.1263427734375,0,0.01
