pitch,roll,forceLeft,forceRight
-0.758056640625,0.0714111328125,22.5,34.6
4.5867919921875,0.384521484375,23.4,33.7
3.2574462890625,0.52734375,23.6,33.9
2.8070068359375,0.6207275390625,23.8,33.7
2.449951171875,0.692138671875,23.8,33.7
2.208251953125,0.76904296875,24,33.7
1.5655517578125,0.780029296875,24,33.5
1.20849609375,0.7305908203125,24,33.5
1.07666015625,0.714111328125,24,33.5
0.9283447265625,0.714111328125,24.3,33.5
