pitch,roll,forceLeft,forceRight
-0.6317138671875,0.19775390625,22.5,34.6
-0.6317138671875,0.208740234375,23.4,33.7
-1.131591796875,0.37353515625,23.6,33.9
-1.38427734375,0.3955078125,23.8,33.7
-1.4776611328125,0.406494140625,23.8,33.7
-1.6534423828125,0.296630859375,24,33.7
-1.86767578125,0.3131103515625,24,33.5
-1.9775390625,0.2911376953125,24,33.5
-2.1478271484375,0.3021240234375,24,33.5
-2.735595703125,0.3131103515625,24.3,33.5
