pitch,roll,forceLeft,forceRight
0.8349609375,0.736083984375,56.6,0.21
4.3121337890625,-0.0274658203125,56.4,0.21
2.83447265625,-1.7962646484375,56.4,0.21
2.2796630859375,-2.08740234375,56.4,0.21
1.9061279296875,-2.21923828125,56.4,0.21
1.878662109375,-2.3016357421875,56.4,0.21
1.2469482421875,-2.2906494140625,56.4,0.21
0.8404541015625,-2.5323486328125,56.4,0.21
0.8184814453125,-2.6422119140625,56.4,0.21
0.7086181640625,-2.6971435546875,56.4,0.21
