pitch,roll,forceLeft,forceRight
-0.8734130859375,0.0494384765625,11.9,20
-0.8734130859375,0.0494384765625,12.8,19.1
-1.1260986328125,0.3460693359375,13,18.9
-1.2908935546875,0.2362060546875,13.3,19.1
-1.40625,0.3076171875,13.3,18.9
-1.51611328125,0.2471923828125,13.3,18.4
-1.40625,0.2252197265625,13.3,18.4
-1.5655517578125,0.2362060546875,13.3,18.6
-1.7193603515625,0.24169921875,13,18.2
-1.988525390625,0.2691650390625,13.7,19.3
