pitch,roll,forceLeft,forceRight
-2.0489501953125,-0.02197265625,-0.2,0.01
-2.0489501953125,-0.02197265625,0,-0.2
-2.1533203125,0.010986328125,-0.2,0.01
-2.4664306640625,0.0823974609375,0,-0.2
-1.9390869140625,0.10986328125,-0.2,0
-1.7578125,0.0823974609375,0,0.01
-1.6754150390625,0.2252197265625,-0.2,0
-1.3897705078125,0.19775390625,-0.2,0
-1.2139892578125,0.1922607421875,0,0
-1.0546875,0.2471923828125,-0.2,0.01
