pitch,roll,forceLeft,forceRight
0.9722900390625,0.516357421875,23.1,10.8
1.0931396484375,-0.54931640625,22,11.7
0.8624267578125,-0.714111328125,21.8,11.7
-19.5501708984375,-0.867919921875,21.8,11.9
-87.8411865234375,-33.37646484375,21.6,11.9
0.3570556640625,-1.0546875,21.6,12.1
-5.2349853515625,-1.1700439453125,21.3,12.1
0.3955078125,-1.142578125,21.6,12.1
0.90087890625,-1.0711669921875,21.3,12.1
0.87890625,-1.0711669921875,21.3,12.1
