pitch,roll,forceLeft,forceRight
-1.6644287109375,0.2581787109375,23.1,10.8
-0.791015625,-1.175537109375,22,11.7
-1.03271484375,-1.1260986328125,21.8,11.7
-1.1480712890625,-1.087646484375,21.8,11.9
-1.1151123046875,-0.823974609375,21.6,11.9
-1.351318359375,-0.9228515625,21.6,12.1
-1.42822265625,-0.933837890625,21.3,12.1
-1.47216796875,-0.8734130859375,21.6,12.1
-1.505126953125,-0.8514404296875,21.3,12.1
-1.4886474609375,-0.7855224609375,21.3,12.1
